Date de début;Date de fin;Organisme;code zas;Zas;code site;nom site;type d'implantation;Polluant;type d'influence;discriminant;Réglementaire;type d'évaluation;procédure de mesure;type de valeur;valeur;valeur brute;unité de mesure;taux de saisie;couverture temporelle;couverture de données;code qualité;validité;Latitude;Longitude
2019/01/01 00:00:00;2019/12/31 23:59:59;ATMO GRAND EST;FR44ZAG02;ZAG METZ;FR01005;Hayange;Périurbaine;PM10;Industrielle;A;Oui;mesures indicatives;;Moy. annuelle;14.0;13.835486858863016;µg-m3;99.0;99;99.0;R;1;49.324722;6.076108
2019/01/01 00:00:00;2019/12/31 23:59:59;ATMO GRAND EST;FR44ZAG02;ZAG METZ;FR01011;Metz-Centre;Urbaine;PM10;Fond;C;Oui;mesures fixes;;Moy. annuelle;18.0;17.54719672537831;µg-m3;93.0;99;92.0;R;1;49.119442;6.180833
2019/01/01 00:00:00;2019/12/31 23:59:59;ATMO GRAND EST;FR44ZAG02;ZAG METZ;FR01012;Metz-Borny;Urbaine;PM10;Fond;C;Oui;mesures fixes;;Moy. annuelle;17.0;16.514448089993067;µg-m3;97.0;100;97.0;R;1;49.110283;6.223336
2019/01/01 00:00:00;2019/12/31 23:59:59;ATMO GRAND EST;FR44ZRE01;ZR GRAND-EST;FR01014;Pont-à-Mousson;Urbaine;PM10;Fond;;Oui;mesures indicatives;;Moy. annuelle;18.0;17.646683822669328;µg-m3;98.0;99;98.0;R;1;48.915;6.058336
2019/01/01 00:00:00;2019/12/31 23:59:59;ATMO GRAND EST;FR44ZRE01;ZR GRAND-EST;FR01015;Blénod-lès-PAM;Urbaine;PM10;Industrielle;B;Oui;mesures indicatives;;Moy. annuelle;17.0;16.985824923726813;µg-m3;97.0;100;97.0;R;1;48.884724;6.051392
2019/01/01 00:00:00;2019/12/31 23:59:59;ATMO GRAND EST;FR44ZRE01;ZR GRAND-EST;FR01016;Atton;Rurale près des villes;PM10;Industrielle;B;Oui;mesures fixes;;Moy. annuelle;18.0;17.917816626371582;µg-m3;96.0;64;61.0;N;-1;48.886387;6.093611
2019/01/01 00:00:00;2019/12/31 23:59:59;ATMO GRAND EST;FR44ZAG02;ZAG METZ;FR01019;Thionville-Piscine;Urbaine;PM10;Fond;H;Oui;mesures fixes;;Moy. annuelle;16.0;15.632753505933158;µg-m3;87.0;98;85.0;R;1;49.36861;6.160831
2019/01/01 00:00:00;2019/12/31 23:59:59;ATMO GRAND EST;FR44ZAG02;ZAG METZ;FR01020;Thionville-Centre;Urbaine;PM10;Fond;A;Oui;mesures fixes;;Moy. annuelle;17.0;17.421122635753516;µg-m3;95.0;98;94.0;R;1;49.358337;6.156942
2019/01/01 00:00:00;2019/12/31 23:59:59;ATMO GRAND EST;FR44ZAG02;ZAG METZ;FR01022;St-Julien-lès-Metz;Urbaine;PM10;Industrielle;B;Oui;mesures fixes;;Moy. annuelle;12.0;12.006809949287605;µg-m3;95.0;100;95.0;R;1;49.131115;6.207225
2019/01/01 00:00:00;2019/12/31 23:59:59;ATMO GRAND EST;FR44ZAG02;ZAG METZ;FR01059;HAYANGE-MARSPICH;Périurbaine;PM10;Industrielle;3;Oui;mesures indicatives;;Moy. annuelle;11.0;11.07945357893441;µg-m3;96.0;96;92.0;R;1;49.3374;6.08207
2019/01/01 00:00:00;2019/12/31 23:59:59;ATMO GRAND EST;FR44ZRE01;ZR GRAND-EST;FR01060;Malroy;Rurale près des villes;PM10;Fond;1;Oui;mesures fixes;;Moy. annuelle;16.0;16.388196350718587;µg-m3;96.0;74;71.0;N;-1;49.16885;6.212669
2019/01/01 00:00:00;2019/12/31 23:59:59;ATMO GRAND EST;FR44ZAG02;ZAG METZ;FR01064;Metz- Pont Grilles;Urbaine;PM10;Trafic;3;Oui;mesures fixes;;Moy. annuelle;19.0;18.681563386944166;µg-m3;97.0;100;97.0;R;1;49.12508;6.181219
2019/01/01 00:00:00;2019/12/31 23:59:59;ATMO SUD;FR93ZAG01;ZAG MARSEILLE-AIX;FR02008;Port de Bouc Leque;Urbaine;PM10;Industrielle;;Oui;mesures fixes;;Moy. annuelle;23.0;22.88489510489509;µg-m3;98.0;100;98.0;R;1;43.401952;4.981919
2019/01/01 00:00:00;2019/12/31 23:59:59;ATMO SUD;FR93ZAG01;ZAG MARSEILLE-AIX;FR02009;Port Saint Louis;Périurbaine;PM10;Industrielle;;Oui;mesures fixes;;Moy. annuelle;18.0;18.04279410056903;µg-m3;99.0;99;98.0;R;1;43.39378;4.801024
2019/01/01 00:00:00;2019/12/31 23:59:59;ATMO SUD;FR93ZAG01;ZAG MARSEILLE-AIX;FR02013;Fos Les Carabins;Périurbaine;PM10;Industrielle;;Oui;mesures fixes;;Moy. annuelle;20.0;19.8471211365902;µg-m3;93.0;99;92.0;R;1;43.458927;4.934572
2019/01/01 00:00:00;2019/12/31 23:59:59;ATMO SUD;FR93ZAG01;ZAG MARSEILLE-AIX;FR02020;Rognac les Brets;Périurbaine;PM10;Industrielle;;Oui;mesures fixes;;Moy. annuelle;22.0;21.76304909560723;µg-m3;97.0;100;97.0;R;1;43.510802;5.220046
2019/01/01 00:00:00;2019/12/31 23:59:59;ATMO SUD;FR93ZRE01;ZR PROVENCE-ALPES-COTE D’AZUR;FR02022;Arles;Urbaine;PM10;Fond;;Oui;mesures fixes;;Moy. annuelle;22.0;22.257744969639212;µg-m3;97.0;99;96.0;R;1;43.675114;4.62921
2019/01/01 00:00:00;2019/12/31 23:59:59;ATMO SUD;FR93ZAG01;ZAG MARSEILLE-AIX;FR02026;Miramas Centre Ville;Urbaine;PM10;Fond;B;Oui;mesures fixes;;Moy. annuelle;15.0;14.801909511067818;µg-m3;95.0;99;94.0;R;1;43.584693;5.006452
2019/01/01 00:00:00;2019/12/31 23:59:59;ATMO SUD;FR93ZAG01;ZAG MARSEILLE-AIX;FR02029;Chateauneuf La Mede;Périurbaine;PM10;Industrielle;;Oui;mesures fixes;;Moy. annuelle;18.0;17.518539066111988;µg-m3;99.0;100;99.0;R;1;43.399546;5.113214
2019/01/01 00:00:00;2019/12/31 23:59:59;ATMO SUD;FR93ZAG01;ZAG MARSEILLE-AIX;FR02041;SALON;Urbaine;PM10;Fond;1;Oui;mesures fixes;;Moy. annuelle;20.0;19.939830605471;µg-m3;100.0;100;100.0;R;1;43.639002;5.101097
2019/01/01 00:00:00;2019/12/31 23:59:59;ATMO SUD;FR93ZAG01;ZAG MARSEILLE-AIX;FR02043;Marignane;Urbaine;PM10;Fond;2;Oui;mesures fixes;;Moy. annuelle;21.0;21.46711711711713;µg-m3;91.0;100;91.0;R;1;43.4165306;5.222281
2019/01/01 00:00:00;2019/12/31 23:59:59;ATMO SUD;FR93ZAG01;ZAG MARSEILLE-AIX;FR03006;MARSEILLE RABATAU;Urbaine;PM10;Trafic;2;Oui;mesures fixes;;Moy. annuelle;33.0;33.20252984986399;µg-m3;97.0;100;97.0;R;1;43.276451;5.39736
2019/01/01 00:00:00;2019/12/31 23:59:59;ATMO SUD;FR93ZAG01;ZAG MARSEILLE-AIX;FR03014;MARSEILLE ST LOUIS;Urbaine;PM10;Fond;1;Oui;mesures fixes;;Moy. annuelle;20.0;20.46851002489853;µg-m3;87.0;100;87.0;R;1;43.348048;5.360119
2019/01/01 00:00:00;2019/12/31 23:59:59;ATMO SUD;FR93ZAG01;ZAG MARSEILLE-AIX;FR03021;AIX ROY RENE;Urbaine;PM10;Trafic;1;Oui;mesures fixes;;Moy. annuelle;25.0;24.780212591986814;µg-m3;98.0;99;98.0;R;1;43.524075;5.448164
2019/01/01 00:00:00;2019/12/31 23:59:59;ATMO SUD;FR93ZAG01;ZAG MARSEILLE-AIX;FR03029;AIX CENTRE ECOLE ART;Urbaine;PM10;Fond;1;Oui;mesures fixes;;Moy. annuelle;19.0;18.61261335531744;µg-m3;97.0;99;97.0;R;1;43.530285;5.440912
2019/01/01 00:00:00;2019/12/31 23:59:59;ATMO SUD;FR93ZAG01;ZAG MARSEILLE-AIX;FR03030;GARDANNE;Périurbaine;PM10;Fond;2;Oui;mesures fixes;;Moy. annuelle;25.0;25.49316604995367;µg-m3;99.0;100;99.0;R;1;43.453584;5.466672
2019/01/01 00:00:00;2019/12/31 23:59:59;ATMO SUD;FR93ZAG01;ZAG MARSEILLE-AIX;FR03043;MARSEILLE 5 AVENUES;Urbaine;PM10;Fond;1;Oui;mesures fixes;;Moy. annuelle;18.0;17.887546904315162;µg-m3;98.0;99;97.0;R;1;43.305287;5.394716
2019/01/01 00:00:00;2019/12/31 23:59:59;ATMO SUD;FR93ZRE01;ZR PROVENCE-ALPES-COTE D’AZUR;FR03067;BRIGNOLES;Périurbaine;PM10;Fond;0;Oui;mesures fixes;;Moy. annuelle;19.0;19.497205865373523;µg-m3;99.0;100;99.0;R;1;43.398731;6.075611
2019/01/01 00:00:00;2019/12/31 23:59:59;ATMO SUD;FR93ZAG03;ZAG TOULON;FR03068;TOULON FOCH;Urbaine;PM10;Trafic;1;Oui;mesures fixes;;Moy. annuelle;28.0;27.53143608752827;µg-m3;98.0;98;95.0;R;1;43.126821;5.921605
2019/01/01 00:00:00;2019/12/31 23:59:59;ATMO SUD;FR93ZAG03;ZAG TOULON;FR03069;HYERES;Urbaine;PM10;Fond;1;Oui;mesures fixes;;Moy. annuelle;16.0;15.775840597758426;µg-m3;94.0;98;92.0;R;1;43.119737;6.131319
2019/01/01 00:00:00;2019/12/31 23:59:59;ATMO SUD;FR93ZAR01;ZAR FREJUS-DRAGUIGNAN;FR03070;ESTEREL;Périurbaine;PM10;Fond;B;Oui;mesures fixes;;Moy. annuelle;19.0;18.767362495602182;µg-m3;97.0;100;97.0;R;1;43.437874;6.76839
2019/01/01 00:00:00;2019/12/31 23:59:59;ATMO SUD;FR93ZAG03;ZAG TOULON;FR03071;TOULON CLARET;Urbaine;PM10;Fond;B;Oui;mesures fixes;;Moy. annuelle;23.0;23.315466420067196;µg-m3;99.0;100;99.0;R;1;43.131113;5.924184
2019/01/01 00:00:00;2019/12/31 23:59:59;ATMO SUD;FR93ZAG04;ZAG AVIGNON;FR03080;AVIGNON   MAIRIE;Urbaine;PM10;Fond;1;Oui;mesures fixes;;Moy. annuelle;17.0;16.658632596685127;µg-m3;99.0;100;99.0;R;1;43.949673;4.804341
2019/01/01 00:00:00;2019/12/31 23:59:59;ATMO SUD;FR93ZAG04;ZAG AVIGNON;FR03087;Avignon Semard;Urbaine;PM10;Trafic;2;Oui;mesures fixes;;Moy. annuelle;27.0;27.193255542590375;µg-m3;99.0;99;98.0;R;1;43.93706;4.824909
2019/01/01 00:00:00;2019/12/31 23:59:59;AIRPARIF;FR11ZAG01;ZAG PARIS;FR04002;GENNEVILLIERS;Urbaine;PM10;Fond;2;Oui;mesures fixes;;Moy. annuelle;20.0;19.901411432604117;µg-m3;97.0;100;97.0;R;1;48.92972;2.294722
2019/01/01 00:00:00;2019/12/31 23:59:59;AIRPARIF;FR11ZAG01;ZAG PARIS;FR04004;PARIS 18eme;Urbaine;PM10;Fond;A;Oui;mesures fixes;;Moy. annuelle;20.0;19.684168987929397;µg-m3;98.0;100;98.0;R;1;48.891666;2.346667
2019/01/01 00:00:00;2019/12/31 23:59:59;AIRPARIF;FR11ZAG01;ZAG PARIS;FR04023;CERGY-PONTOISE;Urbaine;PM10;Fond;1;Oui;mesures fixes;;Moy. annuelle;16.0;15.927210727083613;µg-m3;99.0;100;99.0;R;1;49.04639;2.043056
2019/01/01 00:00:00;2019/12/31 23:59:59;AIRPARIF;FR11ZAG01;ZAG PARIS;FR04031;Av Champs Elysees;Urbaine;PM10;Trafic;D;Oui;mesures fixes;;Moy. annuelle;29.0;28.953079096045172;µg-m3;81.0;100;81.0;N;-1;48.86889;2.311944
2019/01/01 00:00:00;2019/12/31 23:59:59;AIRPARIF;FR11ZAG01;ZAG PARIS;FR04034;VITRY-SUR-SEINE;Urbaine;PM10;Fond;2;Oui;mesures fixes;;Moy. annuelle;19.0;19.266363309783237;µg-m3;95.0;100;95.0;R;1;48.7758;2.3758
2019/01/01 00:00:00;2019/12/31 23:59:59;AIRPARIF;FR11ZAG01;ZAG PARIS;FR04055;PARIS 1er Les Halles;Urbaine;PM10;Fond;;Oui;mesures fixes;;Moy. annuelle;19.0;18.91834140435835;µg-m3;78.0;24;19.0;N;-1;48.86212;2.344616
2019/01/01 00:00:00;2019/12/31 23:59:59;AIRPARIF;FR11ZAG01;ZAG PARIS;FR04058;Auto A1 -Saint-Denis;Urbaine;PM10;Trafic;2;Oui;mesures fixes;;Moy. annuelle;42.0;42.18133411351634;µg-m3;98.0;100;98.0;R;1;48.925278;2.356667
2019/01/01 00:00:00;2019/12/31 23:59:59;AIRPARIF;FR11ZRE01;ZR ILE-DE-FRANCE;FR04066;Zone rurale Sud;Rurale régionale;PM10;Fond;C;Oui;mesures fixes;;Moy. annuelle;13.0;13.214885222381609;µg-m3;95.0;100;95.0;R;1;48.364166;2.236944
2019/01/01 00:00:00;2019/12/31 23:59:59;AIRPARIF;FR11ZAG01;ZAG PARIS;FR04098;LOGNES;Urbaine;PM10;Fond;A;Oui;mesures fixes;;Moy. annuelle;17.0;17.28222943974025;µg-m3;98.0;100;98.0;R;1;48.84028;2.635278
2019/01/01 00:00:00;2019/12/31 23:59:59;AIRPARIF;FR11ZAG01;ZAG PARIS;FR04099;NOGENT-SUR-MARNE;Urbaine;PM10;Fond;2;Oui;mesures fixes;;Moy. annuelle;19.0;19.493621372874987;µg-m3;89.0;100;89.0;R;1;48.840557;2.484444
2019/01/01 00:00:00;2019/12/31 23:59:59;AIRPARIF;FR11ZAG01;ZAG PARIS;FR04118;Place de l'Opéra;Urbaine;PM10;Trafic;;Oui;mesures fixes;;Moy. annuelle;28.0;27.551285310734457;µg-m3;84.0;96;81.0;N;-1;48.870274;2.3325
2019/01/01 00:00:00;2019/12/31 23:59:59;AIRPARIF;FR11ZAG01;ZAG PARIS;FR04122;RN6-MELUN;Périurbaine;PM10;Trafic;;Oui;mesures fixes;;Moy. annuelle;26.0;25.601132555183128;µg-m3;99.0;100;99.0;R;1;48.528057;2.653611
2019/01/01 00:00:00;2019/12/31 23:59:59;AIRPARIF;FR11ZAG01;ZAG PARIS;FR04123;RN2-PANTIN;Urbaine;PM10;Trafic;C;Oui;mesures fixes;;Moy. annuelle;28.0;28.189602913533747;µg-m3;97.0;100;97.0;R;1;48.90222;2.390833
2019/01/01 00:00:00;2019/12/31 23:59:59;AIRPARIF;FR11ZAG01;ZAG PARIS;FR04131;Boulevard Haussmann;Urbaine;PM10;Trafic;B;Oui;mesures fixes;;Moy. annuelle;28.0;27.68482961222102;µg-m3;97.0;100;97.0;R;1;48.873333;2.330278
2019/01/01 00:00:00;2019/12/31 23:59:59;AIRPARIF;FR11ZAG01;ZAG PARIS;FR04143;PARIS Centre;Urbaine;PM10;Fond;;Oui;mesures fixes;;Moy. annuelle;21.0;20.56220707994015;µg-m3;95.0;73;69.0;N;-1;48.859001;2.351
2019/01/01 00:00:00;2019/12/31 23:59:59;AIRPARIF;FR11ZAG01;ZAG PARIS;FR04150;LA DEFENSE;Urbaine;PM10;Fond;A;Oui;mesures fixes;;Moy. annuelle;20.0;19.87675771779542;µg-m3;71.0;100;71.0;N;-1;48.891388;2.240556
2019/01/01 00:00:00;2019/12/31 23:59:59;AIRPARIF;FR11ZAG01;ZAG PARIS;FR04156;BOBIGNY;Urbaine;PM10;Fond;B;Oui;mesures fixes;;Moy. annuelle;18.0;18.49050937049496;µg-m3;96.0;99;95.0;R;1;48.902504;2.4525
2019/01/01 00:00:00;2019/12/31 23:59:59;AIRPARIF;FR11ZRE01;ZR ILE-DE-FRANCE;FR04158;Zone Rurale NO;Rurale régionale;PM10;Fond;;Oui;mesures fixes;;Moy. annuelle;15.0;14.591033161738313;µg-m3;95.0;100;95.0;R;1;49.063087;1.866381
2019/01/01 00:00:00;2019/12/31 23:59:59;AIRPARIF;FR11ZRE01;ZR ILE-DE-FRANCE;FR04173;RD934 Coulommiers;Périurbaine;PM10;Trafic;;Oui;mesures fixes;;Moy. annuelle;22.0;22.019113733657232;µg-m3;99.0;100;99.0;R;1;48.8059;3.084158
2019/01/01 00:00:00;2019/12/31 23:59:59;AIRPARIF;FR11ZAG01;ZAG PARIS;FR04179;PARIS Stade Lenglen;Urbaine;PM10;Fond;C;Oui;mesures fixes;;Moy. annuelle;22.0;21.616999999999997;µg-m3;29.0;99;29.0;N;-1;48.830387;2.269889
2019/01/01 00:00:00;2019/12/31 23:59:59;AIRPARIF;FR11ZRE01;ZR ILE-DE-FRANCE;FR04181;RAMBOUILLET;Périurbaine;PM10;Fond;;Oui;mesures fixes;;Moy. annuelle;15.0;15.125570938350469;µg-m3;96.0;100;96.0;R;1;48.63373;1.830529
2019/01/01 00:00:00;2019/12/31 23:59:59;AIRPARIF;FR11ZAG01;ZAG PARIS;FR04319;TREMBLAY-EN-FRANCE;Périurbaine;PM10;Fond;A;Oui;mesures fixes;;Moy. annuelle;20.0;19.638884182500277;µg-m3;94.0;100;94.0;R;1;48.95555;2.575278
2019/01/01 00:00:00;2019/12/31 23:59:59;AIRPARIF;FR11ZAG01;ZAG PARIS;FR04329;Bld peripherique Est;Urbaine;PM10;Trafic;;Oui;mesures fixes;;Moy. annuelle;29.0;28.635217750501646;µg-m3;97.0;100;97.0;R;1;48.838615;2.412781
2019/01/01 00:00:00;2019/12/31 23:59:59;ATMO NORMANDIE;FR28ZAR01;ZAR LE-HAVRE;FR05074;Le Havre Ec. Herriot;Urbaine;PM10;Fond;B;Oui;mesures fixes;;Moy. annuelle;18.0;18.227745731425923;µg-m3;99.0;100;99.0;R;1;49.48963;0.100703
2019/01/01 00:00:00;2019/12/31 23:59:59;ATMO NORMANDIE;FR28ZAR01;ZAR LE-HAVRE;FR05083;Gonfreville l Orcher;Urbaine;PM10;Industrielle;B;Oui;mesures fixes;;Moy. annuelle;18.0;17.645280131826755;µg-m3;97.0;100;97.0;R;1;49.50273;0.232486
2019/01/01 00:00:00;2019/12/31 23:59:59;ATMO NORMANDIE;FR28ZAR01;ZAR LE-HAVRE;FR05084;NDGravenchon Pasteur;Urbaine;PM10;Industrielle;F;Oui;mesures fixes;;Moy. annuelle;16.0;15.739314940378781;µg-m3;98.0;100;98.0;R;1;49.493332;0.571853
2019/01/01 00:00:00;2019/12/31 23:59:59;ATMO NORMANDIE;FR28ZAR01;ZAR LE-HAVRE;FR05089;Le Havre Lafaurie-montant;Urbaine;PM10;Trafic;5;Oui;mesures fixes;;Moy. annuelle;24.0;24.196824638892277;µg-m3;96.0;100;96.0;R;1;49.500187;0.110903
2019/01/01 00:00:00;2019/12/31 23:59:59;ATMO NORMANDIE;FR28ZAR01;ZAR LE-HAVRE;FR05090;Le Havre ville-haute;Urbaine;PM10;Fond;3;Oui;mesures fixes;;Moy. annuelle;17.0;17.101699484294457;µg-m3;97.0;100;97.0;R;1;49.514686;0.100645
2019/01/01 00:00:00;2019/12/31 23:59:59;ATMO HAUTS DE FRANCE;FR32ZAG01;ZAG BLDV;FR06001;Valenciennes Acacias;Urbaine;PM10;Fond;B;Oui;mesures fixes;;Moy. annuelle;17.0;17.395402578448;µg-m3;94.0;100;94.0;R;1;50.35853;3.50804
2019/01/01 00:00:00;2019/12/31 23:59:59;ATMO HAUTS DE FRANCE;FR32ZAG01;ZAG BLDV;FR06003;Douai Theuriet;Urbaine;PM10;Fond;B;Oui;mesures fixes;;Moy. annuelle;20.0;19.99639187574683;µg-m3;96.0;100;96.0;R;1;50.37822;3.06586
2019/01/01 00:00:00;2019/12/31 23:59:59;ATMO HAUTS DE FRANCE;FR32ZAG01;ZAG BLDV;FR06006;Valenciennes Wallon;Urbaine;PM10;Trafic;B;Oui;mesures fixes;;Moy. annuelle;23.0;22.81325105958611;µg-m3;92.0;100;92.0;R;1;50.36425;3.52273
2019/01/01 00:00:00;2019/12/31 23:59:59;ATMO HAUTS DE FRANCE;FR32ZRE01;ZR HAUTS-DE-FRANCE;FR06007;Maubeuge Joyeuse;Urbaine;PM10;Fond;;Oui;mesures fixes;;Moy. annuelle;16.0;16.489310303176723;µg-m3;95.0;100;95.0;R;1;50.27936;3.97691
2019/01/01 00:00:00;2019/12/31 23:59:59;ATMO HAUTS DE FRANCE;FR32ZAG01;ZAG BLDV;FR06011;Denain Villars;Périurbaine;PM10;Fond;B;Oui;mesures fixes;;Moy. annuelle;18.0;18.361939237233464;µg-m3;88.0;100;88.0;R;1;50.32276;3.39593
2019/01/01 00:00:00;2019/12/31 23:59:59;ATMO HAUTS DE FRANCE;FR32ZRE01;ZR HAUTS-DE-FRANCE;FR06133;Cartignies;Rurale près des villes;PM10;Fond;A;Oui;mesures fixes;;Moy. annuelle;16.0;16.192904820766394;µg-m3;95.0;97;92.0;R;1;50.09225;3.85003
2019/01/01 00:00:00;2019/12/31 23:59:59;ATMO AUVERGNE-RHÔNE-ALPES;FR84ZAG04;ZAG CLERMONT-FERRAND;FR07004;Montferrand;Urbaine;PM10;Fond;;Oui;mesures indicatives;;Moy. annuelle;13.0;13.101582750315378;µg-m3;100.0;100;100.0;R;1;45.79728;3.113833
2019/01/01 00:00:00;2019/12/31 23:59:59;ATMO AUVERGNE-RHÔNE-ALPES;FR84ZAG04;ZAG CLERMONT-FERRAND;FR07009;Jardin Lecoq;Urbaine;PM10;Fond;B;Oui;mesures indicatives;;Moy. annuelle;15.0;14.829681112019665;µg-m3;98.0;100;98.0;R;1;45.772167;3.0875
2019/01/01 00:00:00;2019/12/31 23:59:59;ATMO AUVERGNE-RHÔNE-ALPES;FR84ZRE01;ZR AUVERGNE-RHONE-ALPES;FR07022;Paray le Fresil;Rurale régionale;PM10;Fond;B;Oui;mesures indicatives;;Moy. annuelle;11.0;10.613730415022156;µg-m3;97.0;98;95.0;R;1;46.652668;3.600667
2019/01/01 00:00:00;2019/12/31 23:59:59;ATMO AUVERGNE-RHÔNE-ALPES;FR84ZRE01;ZR AUVERGNE-RHONE-ALPES;FR07028;Les Ancizes;Périurbaine;PM10;Industrielle;C;Oui;mesures indicatives;;Moy. annuelle;11.0;10.827083576855665;µg-m3;98.0;100;98.0;R;1;45.929333;2.829806
2019/01/01 00:00:00;2019/12/31 23:59:59;ATMO AUVERGNE-RHÔNE-ALPES;FR84ZRE01;ZR AUVERGNE-RHONE-ALPES;FR07031;Rageade;Rurale régionale;PM10;Fond;1;Oui;mesures indicatives;;Moy. annuelle;8.0;8.308581436077034;µg/m3;91.0;100;91.0;R;1;45.10472;3.277361
2019/01/01 00:00:00;2019/12/31 23:59:59;ATMO AUVERGNE-RHÔNE-ALPES;FR84ZAG04;ZAG CLERMONT-FERRAND;FR07034;Clermont-Esplanade Gare;Urbaine;PM10;Trafic;B;Oui;mesures fixes;;Moy. annuelle;17.0;16.811669386803445;µg-m3;98.0;100;98.0;R;1;45.775696;3.09625
2019/01/01 00:00:00;2019/12/31 23:59:59;ATMO AUVERGNE-RHÔNE-ALPES;FR84ZAG04;ZAG CLERMONT-FERRAND;FR07039;Chamalières Europe;Urbaine;PM10;Trafic;;Oui;mesures indicatives;;Moy. annuelle;14.0;14.17554884423275;µg-m3;98.0;100;98.0;R;1;45.774728;3.062978
2019/01/01 00:00:00;2019/12/31 23:59:59;ATMO AUVERGNE-RHÔNE-ALPES;FR84ZAG04;ZAG CLERMONT-FERRAND;FR07051;Beaulieu;Périurbaine;PM10;Industrielle;1;Oui;mesures indicatives;;Moy. annuelle;13.0;13.294562073354118;µg/m3;99.0;100;99.0;R;1;45.769;3.155
2019/01/01 00:00:00;2019/12/31 23:59:59;ATMO AUVERGNE-RHÔNE-ALPES;FR84ZRE01;ZR AUVERGNE-RHONE-ALPES;FR07052;Aurillac-Lagarde;Urbaine;PM10;Fond;1;Oui;mesures indicatives;;Moy. annuelle;11.0;11.006638434245156;µg/m3;100.0;100;100.0;R;1;44.92008;2.441082
2019/01/01 00:00:00;2019/12/31 23:59:59;ATMO AUVERGNE-RHÔNE-ALPES;FR84ZRE01;ZR AUVERGNE-RHONE-ALPES;FR07054;Le Puy-Causans;Urbaine;PM10;Fond;1;Oui;mesures indicatives;;Moy. annuelle;13.0;12.81612233121759;µg/m3;99.0;100;99.0;R;1;45.039001;3.887001
2019/01/01 00:00:00;2019/12/31 23:59:59;ATMO AUVERGNE-RHÔNE-ALPES;FR84ZRE01;ZR AUVERGNE-RHONE-ALPES;FR07056;Pays du Mezenc;Rurale régionale;PM10;Fond;1;Oui;mesures indicatives;;Moy. annuelle;10.0;9.655666003976096;µg/m3;98.0;100;98.0;R;1;44.98377;4.226006
2019/01/01 00:00:00;2019/12/31 23:59:59;ATMO AUVERGNE-RHÔNE-ALPES;FR84ZAR05;ZAR MOULINS;FR07057;Moulins Centre;Urbaine;PM10;Fond;1;Oui;mesures fixes;;Moy. annuelle;15.0;14.512647574517846;µg/m3;99.0;99;98.0;R;1;46.5619722;3.34063888888888
2019/01/01 00:00:00;2019/12/31 23:59:59;ATMO AUVERGNE-RHÔNE-ALPES;FR84ZRE01;ZR AUVERGNE-RHONE-ALPES;FR07058;Montluçon;Urbaine;PM10;Fond;1;Oui;mesures indicatives;;Moy. annuelle;12.0;12.00682523267831;µg/m3;99.0;100;99.0;R;1;46.340723;2.593945
2019/01/01 00:00:00;2019/12/31 23:59:59;ATMO AUVERGNE-RHÔNE-ALPES;FR84ZRE01;ZR AUVERGNE-RHONE-ALPES;FR07059;Vichy;Urbaine;PM10;Fond;1;Oui;mesures indicatives;;Moy. annuelle;14.0;13.547049141782292;µg/m3;97.0;100;97.0;R;1;46.130431;3.425694
2019/01/01 00:00:00;2019/12/31 23:59:59;ATMO AUVERGNE-RHÔNE-ALPES;FR84ZAG04;ZAG CLERMONT-FERRAND;FR07061;Riom Périurbaine;Périurbaine;PM10;Fond;1;Oui;mesures indicatives;;Moy. annuelle;14.0;13.510351024320105;µg/m3;95.0;100;95.0;R;1;45.89674;3.122254
2019/01/01 00:00:00;2019/12/31 23:59:59;ATMO OCCITANIE;FR76ZAG02;ZAG MONTPELLIER;FR08016;Montpellier Prés d'Arènes;Urbaine;PM10;Fond;1;Oui;mesures fixes;;Moy. annuelle;15.0;15.25677149820126;µg-m3;98.0;100;98.0;R;1;43.5915;3.88681
2019/01/01 00:00:00;2019/12/31 23:59:59;ATMO OCCITANIE;FR76ZAG02;ZAG MONTPELLIER;FR08018;Montpellier St Gely;Périurbaine;PM10;Fond;3;Oui;mesures fixes;;Moy. annuelle;13.0;13.025555689054466;µg/m3;95.0;100;95.0;R;1;43.6926;3.80021
2019/01/01 00:00:00;2019/12/31 23:59:59;ATMO OCCITANIE;FR76ZRE01;ZR OCCITANIE;FR08020;Lunel Viel;Périurbaine;PM10;Industrielle;4;Oui;mesures fixes;;Moy. annuelle;16.0;15.900951374207224;µg-m3;98.0;99;97.0;R;1;43.6758;4.08838
2019/01/01 00:00:00;2019/12/31 23:59:59;ATMO OCCITANIE;FR76ZAG02;ZAG MONTPELLIER;FR08030;Pompignane;Urbaine;PM10;Trafic;2;Oui;mesures fixes;;Moy. annuelle;18.0;18.429666471620916;µg-m3;98.0;100;98.0;R;1;43.6096;3.89878
2019/01/01 00:00:00;2019/12/31 23:59:59;ATMO OCCITANIE;FR76ZRE01;ZR OCCITANIE;FR08252;GARNOR03;Périurbaine;PM10;Industrielle;1;Oui;mesures fixes;;Moy. annuelle;15.0;14.744738725841092;µg-m3;96.0;100;96.0;R;1;44.054475;4.697408
2019/01/01 00:00:00;2019/12/31 23:59:59;ATMO OCCITANIE;FR76ZAR02;ZAR NIMES;FR08614;Nimes Gauzy;Urbaine;PM10;Fond;4;Oui;mesures fixes;;Moy. annuelle;15.0;15.3316267163137;µg-m3;98.0;100;98.0;R;1;43.8344;4.3744
2019/01/01 00:00:00;2019/12/31 23:59:59;ATMO OCCITANIE;FR76ZAR02;ZAR NIMES;FR08616;Nimes Planas;Urbaine;PM10;Trafic;2;Oui;mesures fixes;;Moy. annuelle;21.0;21.3575990538143;µg-m3;97.0;99;97.0;R;1;43.8299;4.36199
2019/01/01 00:00:00;2019/12/31 23:59:59;ATMO OCCITANIE;FR76ZAR02;ZAR NIMES;FR08617;Nimes La Calmette;Périurbaine;PM10;Fond;1;Oui;mesures fixes;;Moy. annuelle;17.0;16.994921600748807;µg-m3;98.0;100;98.0;R;1;43.9254;4.26581
2019/01/01 00:00:00;2019/12/31 23:59:59;ATMO OCCITANIE;FR76ZAR01;ZAR PERPIGNAN;FR08713;Perpignan Rigaud;Urbaine;PM10;Fond;3;Oui;mesures fixes;;Moy. annuelle;14.0;14.324526548158437;µg/m3;98.0;100;98.0;R;1;42.6835;2.90351
2019/01/01 00:00:00;2019/12/31 23:59:59;ATMO OCCITANIE;FR76ZAR01;ZAR PERPIGNAN;FR08714;Perpignan Les Carmes;Urbaine;PM10;Fond;2;Oui;mesures fixes;;Moy. annuelle;13.0;13.212179324358614;µg-m3;91.0;99;90.0;R;1;42.6955;2.90053
2019/01/01 00:00:00;2019/12/31 23:59:59;ATMO NOUVELLE-AQUITAINE;FR75ZRE01;ZR NOUVELLE-AQUITAINE;FR09003;place de VERDUN;Urbaine;PM10;Fond;H;Oui;mesures fixes;;Moy. annuelle;17.0;17.01416849647521;µg-m3;99.0;100;99.0;R;1;46.162556;-1.153603
2019/01/01 00:00:00;2019/12/31 23:59:59;ATMO NOUVELLE-AQUITAINE;FR75ZRE01;ZR NOUVELLE-AQUITAINE;FR09008;Aytré;Périurbaine;PM10;Fond;1;Oui;mesures fixes;;Moy. annuelle;18.0;18.04324904580152;µg-m3;97.0;99;96.0;R;1;46.135155;-1.117042
2019/01/01 00:00:00;2019/12/31 23:59:59;ATMO NOUVELLE-AQUITAINE;FR75ZAR02;ZAR POITIERS;FR09015;Les Couronneries;Périurbaine;PM10;Fond;A;Oui;mesures fixes;;Moy. annuelle;13.0;13.369929411764712;µg-m3;98.0;99;97.0;R;1;46.586918;0.358583
2019/01/01 00:00:00;2019/12/31 23:59:59;ATMO NOUVELLE-AQUITAINE;FR75ZRE01;ZR NOUVELLE-AQUITAINE;FR09016;La Couronne;Périurbaine;PM10;Fond;G;Oui;mesures fixes;;Moy. annuelle;15.0;14.58550484748168;µg-m3;97.0;100;97.0;R;1;45.60882;0.099722
2019/01/01 00:00:00;2019/12/31 23:59:59;ATMO NOUVELLE-AQUITAINE;FR75ZRE01;ZR NOUVELLE-AQUITAINE;FR09017;COGNAC;Urbaine;PM10;Fond;1;Oui;mesures fixes;;Moy. annuelle;17.0;17.2650793650794;µg-m3;98.0;45;44.0;N;-1;45.694725;-0.323361
2019/01/01 00:00:00;2019/12/31 23:59:59;ATMO NOUVELLE-AQUITAINE;FR75ZAR03;ZAR NIORT;FR09019;Niort Ferry;Urbaine;PM10;Fond;G;Oui;mesures fixes;;Moy. annuelle;15.0;15.434129493033565;µg-m3;98.0;99;98.0;R;1;46.329586;-0.458889
2019/01/01 00:00:00;2019/12/31 23:59:59;ATMO NOUVELLE-AQUITAINE;FR75ZRE01;ZR NOUVELLE-AQUITAINE;FR09103;Square Pablo Casals;Urbaine;PM10;Fond;F;Oui;mesures fixes;;Moy. annuelle;16.0;16.459204505455848;µg-m3;97.0;100;97.0;R;1;45.647415;0.167167
2019/01/01 00:00:00;2019/12/31 23:59:59;ATMO NOUVELLE-AQUITAINE;FR75ZRE01;ZR NOUVELLE-AQUITAINE;FR09106;ANGOULEME-GAMBETTA;Urbaine;PM10;Trafic;1;Oui;mesures fixes;;Moy. annuelle;19.0;19.396561194029907;µg-m3;97.0;98;96.0;R;1;45.65145;0.16236667
2019/01/01 00:00:00;2019/12/31 23:59:59;ATMO NOUVELLE-AQUITAINE;FR75ZRE01;ZR NOUVELLE-AQUITAINE;FR09203;La Pallice3 LR;Périurbaine;PM10;Industrielle;1;Oui;mesures fixes;;Moy. annuelle;21.0;20.756571760604256;µg-m3;98.0;100;98.0;R;1;46.16161;-1.211203
2019/01/01 00:00:00;2019/12/31 23:59:59;ATMO NOUVELLE-AQUITAINE;FR75ZRE01;ZR NOUVELLE-AQUITAINE;FR09301;AIRVAULT 2;Périurbaine;PM10;Fond;A;Oui;mesures fixes;;Moy. annuelle;16.0;16.318061330561275;µg-m3;88.0;100;88.0;R;1;46.824368;-0.135461
2019/01/01 00:00:00;2019/12/31 23:59:59;ATMO NOUVELLE-AQUITAINE;FR75ZRE01;ZR NOUVELLE-AQUITAINE;FR09302;Zoodyssée Chizé;Rurale régionale;PM10;Fond;F;Oui;mesures fixes;;Moy. annuelle;12.0;11.673477430140897;µg-m3;96.0;100;96.0;R;1;46.143173;-0.396042
2019/01/01 00:00:00;2019/12/31 23:59:59;ATMO NOUVELLE-AQUITAINE;FR75ZAR03;ZAR NIORT;FR09399;Niort Trafic 6;Urbaine;PM10;Trafic;G;Oui;mesures fixes;;Moy. annuelle;21.0;20.50900847154281;µg-m3;96.0;100;96.0;R;1;46.321976;-0.4664312
2019/01/01 00:00:00;2019/12/31 23:59:59;ATMO NOUVELLE-AQUITAINE;FR75ZAR02;ZAR POITIERS;FR09403;Poitiers-Le Nain;Urbaine;PM10;Trafic;1;Oui;mesures fixes;;Moy. annuelle;21.0;21.029258741258783;µg-m3;82.0;99;82.0;N;-1;46.5909;0.3404
2019/01/01 00:00:00;2019/12/31 23:59:59;ATMO NOUVELLE-AQUITAINE;FR75ZAR02;ZAR POITIERS;FR09404;Poitiers Centre  Augouard;Urbaine;PM10;Fond;1;Oui;mesures fixes;;Moy. annuelle;15.0;15.467051886792392;µg-m3;97.0;99;97.0;R;1;46.58389;0.345556
2019/01/01 00:00:00;2019/12/31 23:59:59;ATMO HAUTS DE FRANCE;FR32ZAR01;ZAR COTE-D-OPALE;FR10004;Malo-les-Bains;Urbaine;PM10;Fond;B;Oui;mesures fixes;;Moy. annuelle;20.0;20.033886693017152;µg-m3;89.0;97;87.0;R;1;51.04858;2.42004
2019/01/01 00:00:00;2019/12/31 23:59:59;ATMO HAUTS DE FRANCE;FR32ZAR01;ZAR COTE-D-OPALE;FR10012;Mardyck;Périurbaine;PM10;Industrielle;y;Oui;mesures fixes;;Moy. annuelle;24.0;24.099036680251892;µg-m3;92.0;100;92.0;R;1;51.01943;2.25099
2019/01/01 00:00:00;2019/12/31 23:59:59;ATMO HAUTS DE FRANCE;FR32ZAR01;ZAR COTE-D-OPALE;FR10016;Calais Berthelot;Urbaine;PM10;Fond;F;Oui;mesures fixes;;Moy. annuelle;23.0;22.89821322215599;µg-m3;96.0;100;96.0;R;1;50.94729;1.84308
2019/01/01 00:00:00;2019/12/31 23:59:59;ATMO HAUTS DE FRANCE;FR32ZAR01;ZAR COTE-D-OPALE;FR10017;St Pol mer - cheminots;Urbaine;PM10;Fond;1;Oui;mesures fixes;;Moy. annuelle;23.0;22.746963363658733;µg-m3;94.0;99;93.0;R;1;51.032761;2.332358
2019/01/01 00:00:00;2019/12/31 23:59:59;ATMO HAUTS DE FRANCE;FR32ZAR01;ZAR COTE-D-OPALE;FR10025;Sangatte;Périurbaine;PM10;Fond;E;Oui;mesures fixes;;Moy. annuelle;23.0;22.506828718205725;µg-m3;91.0;100;91.0;R;1;50.94989;1.76917
2019/01/01 00:00:00;2019/12/31 23:59:59;ATMO HAUTS DE FRANCE;FR32ZAR01;ZAR COTE-D-OPALE;FR10026;Calais Parmentier;Urbaine;PM10;Fond;1;Oui;mesures fixes;;Moy. annuelle;21.0;21.181877137130122;µg-m3;98.0;99;97.0;R;1;50.9578;1.89008
2019/01/01 00:00:00;2019/12/31 23:59:59;ATMO HAUTS DE FRANCE;FR32ZAR01;ZAR COTE-D-OPALE;FR10028;Gravelines PC/Drire;Périurbaine;PM10;Industrielle;;Oui;mesures fixes;;Moy. annuelle;22.0;22.183830606352274;µg-m3;89.0;93;83.0;N;-1;50.98106;2.14317
2019/01/01 00:00:00;2019/12/31 23:59:59;ATMO HAUTS DE FRANCE;FR32ZAR01;ZAR COTE-D-OPALE;FR10029;Cappelle la Grande;Périurbaine;PM10;Fond;1;Oui;mesures fixes;;Moy. annuelle;18.0;18.41083234244944;µg-m3;96.0;100;96.0;R;1;50.99594;2.36627
2019/01/01 00:00:00;2019/12/31 23:59:59;ATMO HAUTS DE FRANCE;FR32ZAR01;ZAR COTE-D-OPALE;FR10030;Boulogne Diderot;Urbaine;PM10;Trafic;1;Oui;mesures fixes;;Moy. annuelle;22.0;22.243645269399437;µg-m3;90.0;98;89.0;R;1;50.717029;1.605913
2019/01/01 00:00:00;2019/12/31 23:59:59;ATMO HAUTS DE FRANCE;FR32ZAR01;ZAR COTE-D-OPALE;FR10032;Outreau;Périurbaine;PM10;Fond;B;Oui;mesures fixes;;Moy. annuelle;18.0;17.52192166807557;µg-m3;83.0;98;81.0;N;-1;50.69435;1.57657
2019/01/01 00:00:00;2019/12/31 23:59:59;ATMO HAUTS DE FRANCE;FR32ZAR01;ZAR COTE-D-OPALE;FR10034;Grande-synthe;Urbaine;PM10;Industrielle;0;Oui;mesures fixes;;Moy. annuelle;23.0;23.425091091845715;µg-m3;91.0;100;91.0;R;1;51.02446;2.30215
2019/01/01 00:00:00;2019/12/31 23:59:59;ATMO HAUTS DE FRANCE;FR32ZAR01;ZAR COTE-D-OPALE;FR10041;St Omer Ribot;Urbaine;PM10;Fond;B;Oui;mesures fixes;;Moy. annuelle;19.0;19.373250369640214;µg-m3;93.0;99;93.0;R;1;50.74823;2.25978
2019/01/01 00:00:00;2019/12/31 23:59:59;ATMO HAUTS DE FRANCE;FR32ZRE01;ZR HAUTS-DE-FRANCE;FR10132;Campagne les B.;Rurale régionale;PM10;Fond;B;Oui;mesures fixes;;Moy. annuelle;17.0;17.29674149167265;µg-m3;95.0;100;95.0;R;1;50.61048;1.99145
2019/01/01 00:00:00;2019/12/31 23:59:59;ATMO HAUTS DE FRANCE;FR32ZAG02;ZAG LILLE;FR11016;Marcq CTM;Urbaine;PM10;Fond;y;Oui;mesures fixes;;Moy. annuelle;21.0;21.05192010128015;µg-m3;83.0;98;81.0;N;-1;50.67003;3.07656
2019/01/01 00:00:00;2019/12/31 23:59:59;ATMO HAUTS DE FRANCE;FR32ZAG02;ZAG LILLE;FR11025;Lille Fives;Urbaine;PM10;Fond;B;Oui;mesures fixes;;Moy. annuelle;20.0;19.967898164594324;µg-m3;96.0;100;96.0;R;1;50.62805;3.09031
2019/01/01 00:00:00;2019/12/31 23:59:59;ATMO HAUTS DE FRANCE;FR32ZAG02;ZAG LILLE;FR11034;Roubaix Serres;Urbaine;PM10;Trafic;A;Oui;mesures fixes;;Moy. annuelle;20.0;20.48302673534468;µg-m3;94.0;99;93.0;R;1;50.706535;3.18066
2019/01/01 00:00:00;2019/12/31 23:59:59;ATMO OCCITANIE;FR76ZAG01;ZAG TOULOUSE;FR12004;ECOLE M.JACQUIER;Urbaine;PM10;Fond;G;Oui;mesures fixes;;Moy. annuelle;16.0;15.665126250595458;µg/m3;97.0;98;96.0;R;1;43.575694;1.418064
2019/01/01 00:00:00;2019/12/31 23:59:59;ATMO OCCITANIE;FR76ZRE01;ZR OCCITANIE;FR12020;PEYRUSSE;Rurale nationale;PM10;Fond;E;Oui;mesures fixes;;Moy. annuelle;11.0;10.536519324230456;µg/m3;99.0;99;99.0;R;1;43.6287;0.179069
2019/01/01 00:00:00;2019/12/31 23:59:59;ATMO OCCITANIE;FR76ZAG01;ZAG TOULOUSE;FR12021;MAZADES;Urbaine;PM10;Fond;F;Oui;mesures fixes;;Moy. annuelle;15.0;14.898120256859288;µg/m3;98.0;100;98.0;R;1;43.623606;1.438531
2019/01/01 00:00:00;2019/12/31 23:59:59;ATMO OCCITANIE;FR76ZRE01;ZR OCCITANIE;FR12026;ALBI DELMAS;Urbaine;PM10;Fond;1;Oui;mesures fixes;;Moy. annuelle;14.0;13.801624695369604;µg-m3;98.0;100;98.0;R;1;43.927769;2.145897
2019/01/01 00:00:00;2019/12/31 23:59:59;ATMO OCCITANIE;FR76ZAG01;ZAG TOULOUSE;FR12030;BERTHELOT;Urbaine;PM10;Fond;C;Oui;mesures fixes;;Moy. annuelle;14.0;14.289934225980746;µg/m3;97.0;100;97.0;R;1;43.587344;1.444003
2019/01/01 00:00:00;2019/12/31 23:59:59;ATMO OCCITANIE;FR76ZAG01;ZAG TOULOUSE;FR12039;EISENHOWER;Urbaine;PM10;Industrielle;E;Oui;mesures fixes;;Moy. annuelle;17.0;16.584346820809273;µg/m3;99.0;100;99.0;R;1;43.561581;1.393261
2019/01/01 00:00:00;2019/12/31 23:59:59;ATMO OCCITANIE;FR76ZAG01;ZAG TOULOUSE;FR12040;CHAPITRE;Urbaine;PM10;Industrielle;D;Oui;mesures fixes;;Moy. annuelle;17.0;17.133079625292762;µg-m3;98.0;99;97.0;R;1;43.556375;1.403964
2019/01/01 00:00:00;2019/12/31 23:59:59;ATMO OCCITANIE;FR76ZRE01;ZR OCCITANIE;FR12042;LOURDES LAPACCA;Urbaine;PM10;Fond;C;Oui;mesures fixes;;Moy. annuelle;12.0;12.422259212489955;µg/m3;99.0;100;99.0;R;1;43.096247;-0.040497
2019/01/01 00:00:00;2019/12/31 23:59:59;ATMO OCCITANIE;FR76ZAG01;ZAG TOULOUSE;FR12044;Aeroport cote trafic;Urbaine;PM10;Industrielle;D;Oui;mesures fixes;;Moy. annuelle;14.0;14.186417755172789;µg-m3;99.0;100;99.0;R;1;43.633478;1.375717
2019/01/01 00:00:00;2019/12/31 23:59:59;ATMO OCCITANIE;FR76ZRE01;ZR OCCITANIE;FR12047;BESSIERES;Rurale près des villes;PM10;Industrielle;E;Oui;mesures fixes;;Moy. annuelle;15.0;14.685772737900388;µg/m3;98.0;100;98.0;R;1;43.803139;1.595475
2019/01/01 00:00:00;2019/12/31 23:59:59;ATMO OCCITANIE;FR76ZRE01;ZR OCCITANIE;FR12052;Lycée Dupuy à Tarbes;Urbaine;PM10;Fond;4;Oui;mesures fixes;;Moy. annuelle;14.0;13.989306016106084;µg/m3;97.0;99;96.0;R;1;43.230297;0.062339
2019/01/01 00:00:00;2019/12/31 23:59:59;ATMO OCCITANIE;FR76ZRE01;ZR OCCITANIE;FR12053;Stade Travet CASTRES;Urbaine;PM10;Fond;3;Oui;mesures fixes;;Moy. annuelle;15.0;15.307027716572003;µg/m3;98.0;100;98.0;R;1;43.610497;2.23015
2019/01/01 00:00:00;2019/12/31 23:59:59;ATMO OCCITANIE;FR76ZAG01;ZAG TOULOUSE;FR12054;TRAFIC_TOULOUSE;Urbaine;PM10;Trafic;1;Oui;mesures fixes;;Moy. annuelle;21.0;20.61625334730466;µg-m3;98.0;100;98.0;R;1;43.643944;1.468244
2019/01/01 00:00:00;2019/12/31 23:59:59;ATMO OCCITANIE;FR76ZAG01;ZAG TOULOUSE;FR12085;Port de l Embouchure;Urbaine;PM10;Trafic;C;Oui;mesures fixes;;Moy. annuelle;21.0;21.48796065884589;µg/m3;96.0;100;96.0;R;1;43.610386;1.4152
2019/01/01 00:00:00;2019/12/31 23:59:59;ATMO GRAND EST;FR44ZRE01;ZR GRAND-EST;FR14008;REVIN;Rurale nationale;PM10;Fond;j;Oui;mesures fixes;;Moy. annuelle;10.0;10.279641067474646;µg-m3;98.0;100;98.0;R;1;49.90778;4.63
2019/01/01 00:00:00;2019/12/31 23:59:59;ATMO GRAND EST;FR44ZAR01;ZAR REIMS;FR14010;BETHENY;Périurbaine;PM10;Fond;i;Oui;mesures fixes;;Moy. annuelle;18.0;17.808964781216684;µg-m3;97.0;99;96.0;R;1;49.28222;4.051111
2019/01/01 00:00:00;2019/12/31 23:59:59;ATMO GRAND EST;FR44ZAR01;ZAR REIMS;FR14011;DOUMER;Urbaine;PM10;Trafic;j;Oui;mesures fixes;;Moy. annuelle;23.0;22.74429787744333;µg-m3;95.0;100;95.0;R;1;49.250732;4.023064
2019/01/01 00:00:00;2019/12/31 23:59:59;ATMO GRAND EST;FR44ZAR01;ZAR REIMS;FR14012;Jean d Aulan;Urbaine;PM10;Fond;i;Oui;mesures fixes;;Moy. annuelle;17.0;17.32060331465361;µg-m3;96.0;100;96.0;R;1;49.224167;4.020556
2019/01/01 00:00:00;2019/12/31 23:59:59;ATMO GRAND EST;FR44ZRE01;ZR GRAND-EST;FR14022;CHALONS;Urbaine;PM10;Fond;i;Oui;mesures fixes;;Moy. annuelle;17.0;16.84917321449514;µg-m3;98.0;99;97.0;R;1;48.962223;4.36
2019/01/01 00:00:00;2019/12/31 23:59:59;ATMO GRAND EST;FR44ZRE01;ZR GRAND-EST;FR14028;Rempart Perrier;Urbaine;PM10;Trafic;i;Oui;mesures fixes;;Moy. annuelle;20.0;20.244985012681514;µg-m3;99.0;100;99.0;R;1;49.0461;3.955911
2019/01/01 00:00:00;2019/12/31 23:59:59;ATMO GRAND EST;FR44ZRE01;ZR GRAND-EST;FR14031;LA TOUR;Urbaine;PM10;Fond;i;Oui;mesures fixes;;Moy. annuelle;16.0;16.00857311320753;µg-m3;97.0;100;97.0;R;1;48.301666;4.076944
2019/01/01 00:00:00;2019/12/31 23:59:59;ATMO GRAND EST;FR44ZRE01;ZR GRAND-EST;FR14033;STE SAVINE;Urbaine;PM10;Fond;i;Oui;mesures fixes;;Moy. annuelle;17.0;17.019765719671547;µg-m3;85.0;100;85.0;R;1;48.295002;4.050278
2019/01/01 00:00:00;2019/12/31 23:59:59;ATMO GRAND EST;FR44ZRE01;ZR GRAND-EST;FR14042;St DIZIER L. Michel;Urbaine;PM10;Fond;i;Oui;mesures fixes;;Moy. annuelle;16.0;16.427264138210262;µg-m3;85.0;100;85.0;R;1;48.645836;4.966111
2019/01/01 00:00:00;2019/12/31 23:59:59;ATMO GRAND EST;FR44ZRE01;ZR GRAND-EST;FR14051;CHARLEVILLE;Urbaine;PM10;Fond;i;Oui;mesures fixes;;Moy. annuelle;18.0;18.37392061714574;µg-m3;92.0;100;92.0;R;1;49.745277;4.719167
2019/01/01 00:00:00;2019/12/31 23:59:59;ATMO AUVERGNE-RHÔNE-ALPES;FR84ZAG02;ZAG GRENOBLE;FR15018;Voiron Urbain;Urbaine;PM10;Fond;5;Oui;mesures indicatives;;Moy. annuelle;15.0;14.98250230840261;µg-m3;99.0;100;99.0;R;1;45.360176;5.589419
2019/01/01 00:00:00;2019/12/31 23:59:59;ATMO AUVERGNE-RHÔNE-ALPES;FR84ZAG02;ZAG GRENOBLE;FR15038;St Martin d'Heres;Urbaine;PM10;Fond;5;Oui;mesures indicatives;;Moy. annuelle;18.0;18.117790328273824;µg-m3;98.0;99;97.0;R;1;45.1828;5.7531
2019/01/01 00:00:00;2019/12/31 23:59:59;ATMO AUVERGNE-RHÔNE-ALPES;FR84ZAG02;ZAG GRENOBLE;FR15039;Le Rondeau;Périurbaine;PM10;Trafic;6;Oui;mesures fixes;;Moy. annuelle;23.0;23.01268501387608;µg-m3;99.0;100;99.0;R;1;45.158363;5.703764
2019/01/01 00:00:00;2019/12/31 23:59:59;ATMO AUVERGNE-RHÔNE-ALPES;FR84ZAG02;ZAG GRENOBLE;FR15043;Grenoble Les Frenes;Urbaine;PM10;Fond;4;Oui;mesures indicatives;;Moy. annuelle;17.0;17.108091584751868;µg-m3;95.0;100;95.0;R;1;45.1619;5.7356
2019/01/01 00:00:00;2019/12/31 23:59:59;ATMO AUVERGNE-RHÔNE-ALPES;FR84ZAG02;ZAG GRENOBLE;FR15045;Grenoble PeriurbSud;Périurbaine;PM10;Fond;6;Oui;mesures indicatives;;Moy. annuelle;13.0;12.587991215903854;µg-m3;99.0;100;99.0;R;1;45.0578;5.6767
2019/01/01 00:00:00;2019/12/31 23:59:59;ATMO AUVERGNE-RHÔNE-ALPES;FR84ZAG02;ZAG GRENOBLE;FR15046;Grenoble Boulevards;Urbaine;PM10;Trafic;5;Oui;mesures indicatives;;Moy. annuelle;21.0;20.97626008653949;µg-m3;98.0;100;98.0;R;1;45.18069;5.720625
2019/01/01 00:00:00;2019/12/31 23:59:59;ATMO AUVERGNE-RHÔNE-ALPES;FR84ZAG02;ZAG GRENOBLE;FR15048;Gresivaudan Periurb;Périurbaine;PM10;Fond;5;Oui;mesures indicatives;;Moy. annuelle;14.0;14.249264312466618;µg-m3;86.0;99;85.0;R;1;45.2797;5.8822
2019/01/01 00:00:00;2019/12/31 23:59:59;ATMO GRAND EST;FR44ZRE01;ZR GRAND-EST;FR16017;Nord-Est Alsace;Rurale régionale;PM10;Fond;3;Oui;mesures fixes;;Moy. annuelle;14.0;14.473885497062527;µg-m3;99.0;100;99.0;R;1;48.919357;8.158458
2019/01/01 00:00:00;2019/12/31 23:59:59;ATMO GRAND EST;FR44ZAG01;ZAG STRASBOURG;FR16029;STG Nord;Urbaine;PM10;Fond;1;Oui;mesures fixes;;Moy. annuelle;19.0;19.166445182724242;µg-m3;96.0;100;96.0;R;1;48.610363;7.781631
2019/01/01 00:00:00;2019/12/31 23:59:59;ATMO GRAND EST;FR44ZAG01;ZAG STRASBOURG;FR16034;STG Clemenceau;Urbaine;PM10;Trafic;3;Oui;mesures fixes;;Moy. annuelle;22.0;22.11053842613913;µg-m3;99.0;100;99.0;R;1;48.59043;7.744983
2019/01/01 00:00:00;2019/12/31 23:59:59;ATMO GRAND EST;FR44ZAG01;ZAG STRASBOURG;FR16040;Strasbourg A35;Urbaine;PM10;Trafic;3;Oui;mesures fixes;;Moy. annuelle;24.0;23.86554176364109;µg-m3;88.0;100;88.0;R;1;48.575985;7.727478
2019/01/01 00:00:00;2019/12/31 23:59:59;ATMO GRAND EST;FR44ZRE01;ZR GRAND-EST;FR16054;Colmar Centre;Urbaine;PM10;Fond;4;Oui;mesures fixes;;Moy. annuelle;16.0;16.186118784530382;µg-m3;99.0;100;99.0;R;1;48.074642;7.350667
2019/01/01 00:00:00;2019/12/31 23:59:59;ATMO GRAND EST;FR44ZRE01;ZR GRAND-EST;FR16057;Mulhouse Nord;Urbaine;PM10;Fond;0;Oui;mesures fixes;;Moy. annuelle;16.0;16.30769611482309;µg-m3;92.0;100;92.0;R;1;47.757435;7.347294
2019/01/01 00:00:00;2019/12/31 23:59:59;ATMO GRAND EST;FR44ZRE01;ZR GRAND-EST;FR16060;C.C.3 Frontières;Périurbaine;PM10;Fond;2;Oui;mesures fixes;;Moy. annuelle;15.0;15.46092205104618;µg-m3;99.0;100;99.0;R;1;47.594913;7.568175
2019/01/01 00:00:00;2019/12/31 23:59:59;ATMO GRAND EST;FR44ZRE01;ZR GRAND-EST;FR16066;Mulhouse Sud 2;Urbaine;PM10;Fond;2;Oui;mesures fixes;;Moy. annuelle;15.0;15.20847614636407;µg-m3;99.0;100;99.0;R;1;47.737415;7.309075
2019/01/01 00:00:00;2019/12/31 23:59:59;ATMO GRAND EST;FR44ZRE01;ZR GRAND-EST;FR16069;Mulhouse-Briand;Urbaine;PM10;Trafic;1;Oui;mesures fixes;;Moy. annuelle;19.0;19.40574157174084;µg-m3;99.0;100;99.0;R;1;47.747684;7.321364
2019/01/01 00:00:00;2019/12/31 23:59:59;ATMO GRAND EST;FR44ZRE01;ZR GRAND-EST;FR16302;Vosges Moyennes 2;Rurale nationale;PM10;Fond;1;Oui;mesures fixes;;Moy. annuelle;8.0;7.631249999999985;µg-m3;98.0;99;97.0;R;1;48.492992;7.1298
2019/01/01 00:00:00;2019/12/31 23:59:59;ATMO HAUTS DE FRANCE;FR32ZAR03;ZAR CREIL;FR18019;Nogent sur Oise;Périurbaine;PM10;Fond;0;Oui;mesures fixes;;Moy. annuelle;19.0;18.532459108855058;µg-m3;81.0;100;81.0;N;-1;49.276386;2.482167
2019/01/01 00:00:00;2019/12/31 23:59:59;ATMO HAUTS DE FRANCE;FR32ZAR02;ZAR AMIENS;FR18035;Salouel;Périurbaine;PM10;Fond;H;Oui;mesures fixes;;Moy. annuelle;18.0;17.5750378743736;µg-m3;98.0;100;98.0;R;1;49.86889;2.239806
2019/01/01 00:00:00;2019/12/31 23:59:59;ATMO HAUTS DE FRANCE;FR32ZRE01;ZR HAUTS-DE-FRANCE;FR18039;Arrest;Rurale régionale;PM10;Fond;H;Oui;mesures fixes;;Moy. annuelle;20.0;19.94996204453447;µg-m3;90.0;100;90.0;R;1;50.129448;1.610833
2019/01/01 00:00:00;2019/12/31 23:59:59;ATMO HAUTS DE FRANCE;FR32ZRE01;ZR HAUTS-DE-FRANCE;FR18042;P. Roth St Quentin;Urbaine;PM10;Fond;H;Oui;mesures fixes;;Moy. annuelle;18.0;17.56440578347238;µg-m3;97.0;100;97.0;R;1;49.851334;3.284
2019/01/01 00:00:00;2019/12/31 23:59:59;ATMO HAUTS DE FRANCE;FR32ZAR03;ZAR CREIL;FR18043;Faiencerie Creil;Urbaine;PM10;Fond;D;Oui;mesures fixes;;Moy. annuelle;18.0;17.650754270041073;µg-m3;92.0;100;92.0;R;1;49.259552;2.474397
2019/01/01 00:00:00;2019/12/31 23:59:59;ATMO HAUTS DE FRANCE;FR32ZAR02;ZAR AMIENS;FR18053;St Pierre Amiens;Urbaine;PM10;Fond;A;Oui;mesures fixes;;Moy. annuelle;19.0;18.866952789699567;µg-m3;90.0;100;90.0;R;1;49.901667;2.304597
2019/01/01 00:00:00;2019/12/31 23:59:59;ATMO HAUTS DE FRANCE;FR32ZRE01;ZR HAUTS-DE-FRANCE;FR18089;Trafic Beauvais 1;Urbaine;PM10;Trafic;;Oui;mesures fixes;;Moy. annuelle;19.0;19.317876658860236;µg-m3;90.0;97;88.0;R;1;49.435932;2.084292
2019/01/01 00:00:00;2019/12/31 23:59:59;AIR BREIZH;FR53ZAG01;ZAG RENNES;FR19002;Rennes Laennec;Urbaine;PM10;Trafic;Z;Oui;mesures fixes;;Moy. annuelle;18.0;18.153325648414935;µg-m3;99.0;100;99.0;R;1;48.10861;-1.66586
2019/01/01 00:00:00;2019/12/31 23:59:59;AIR BREIZH;FR53ZRE01;ZR BRETAGNE;FR19008;Serv Tech Guipry;Rurale nationale;PM10;Fond;Z;Oui;mesures fixes;;Moy. annuelle;16.0;16.404221364221364;µg-m3;96.0;93;89.0;R;1;47.83192;-1.83633
2019/01/01 00:00:00;2019/12/31 23:59:59;AIR BREIZH;FR53ZAR01;ZAR BREST;FR19012;Brest Mace;Urbaine;PM10;Fond;Z;Oui;mesures fixes;;Moy. annuelle;17.0;17.264677720691253;µg-m3;99.0;99;98.0;R;1;48.38618;-4.4866
2019/01/01 00:00:00;2019/12/31 23:59:59;AIR BREIZH;FR53ZAR01;ZAR BREST;FR19014;Brest Desmoulins;Urbaine;PM10;Trafic;Z;Oui;mesures fixes;;Moy. annuelle;18.0;18.344096502985305;µg-m3;94.0;100;94.0;R;1;48.39746;-4.48871
2019/01/01 00:00:00;2019/12/31 23:59:59;AIR BREIZH;FR53ZAG01;ZAG RENNES;FR19017;Rennes Pays-Bas;Urbaine;PM10;Fond;Z;Oui;mesures fixes;;Moy. annuelle;13.0;13.451582975762516;µg-m3;98.0;100;98.0;R;1;48.08965;-1.65911
2019/01/01 00:00:00;2019/12/31 23:59:59;AIR BREIZH;FR53ZRE01;ZR BRETAGNE;FR19032;Lorient B. Bissonnet;Urbaine;PM10;Fond;Z;Oui;mesures fixes;;Moy. annuelle;15.0;15.089450151057438;µg-m3;95.0;99;94.0;R;1;47.7425;-3.39501
2019/01/01 00:00:00;2019/12/31 23:59:59;AIR BREIZH;FR53ZRE01;ZR BRETAGNE;FR19033;Vannes UTA;Urbaine;PM10;Fond;Z;Oui;mesures fixes;;Moy. annuelle;14.0;13.59445727482683;µg-m3;99.0;100;99.0;R;1;47.64892;-2.76399
2019/01/01 00:00:00;2019/12/31 23:59:59;AIR BREIZH;FR53ZRE01;ZR BRETAGNE;FR19052;Quimper Pommiers;Urbaine;PM10;Trafic;Z;Oui;mesures fixes;;Moy. annuelle;17.0;16.813942938999624;µg-m3;97.0;98;96.0;R;1;47.99612;-4.09972
2019/01/01 00:00:00;2019/12/31 23:59:59;AIR BREIZH;FR53ZRE01;ZR BRETAGNE;FR19061;Saint Brieuc Balzac;Urbaine;PM10;Fond;Z;Oui;mesures fixes;;Moy. annuelle;15.0;15.450885648873333;µg-m3;96.0;99;95.0;R;1;48.51351;-2.74953
2019/01/01 00:00:00;2019/12/31 23:59:59;AIR BREIZH;FR53ZRE01;ZR BRETAGNE;FR19082;StMalo Rocabey;Périurbaine;PM10;Fond;Z;Oui;mesures fixes;;Moy. annuelle;19.0;19.488696655132756;µg-m3;99.0;100;99.0;R;1;48.65306;-2.00268
2019/01/01 00:00:00;2019/12/31 23:59:59;ATMO AUVERGNE-RHÔNE-ALPES;FR84ZAG01;ZAG LYON;FR20013;A7 SUD LYONNAIS;Périurbaine;PM10;Trafic;8;Oui;mesures fixes;;Moy. annuelle;27.0;27.18587511606318;µg-m3;98.0;100;98.0;R;1;45.720024;4.818156
2019/01/01 00:00:00;2019/12/31 23:59:59;ATMO AUVERGNE-RHÔNE-ALPES;FR84ZAG01;ZAG LYON;FR20017;GERLAND;Urbaine;PM10;Fond;5;Oui;mesures indicatives;;Moy. annuelle;16.0;16.37048199835822;µg-m3;98.0;100;97.0;R;1;45.73529;4.829794
2019/01/01 00:00:00;2019/12/31 23:59:59;ATMO AUVERGNE-RHÔNE-ALPES;FR84ZAG01;ZAG LYON;FR20019;GRANDCLEMENT;Urbaine;PM10;Trafic;4;Oui;mesures indicatives;;Moy. annuelle;21.0;20.789724404539225;µg-m3;97.0;95;92.0;R;1;45.75836;4.886214
2019/01/01 00:00:00;2019/12/31 23:59:59;ATMO AUVERGNE-RHÔNE-ALPES;FR84ZAG01;ZAG LYON;FR20029;FEYZIN STADE;Périurbaine;PM10;Industrielle;6;Oui;mesures indicatives;;Moy. annuelle;17.0;17.081885073580857;µg-m3;98.0;100;98.0;R;1;45.6639;4.8459
2019/01/01 00:00:00;2019/12/31 23:59:59;ATMO AUVERGNE-RHÔNE-ALPES;FR84ZAG01;ZAG LYON;FR20031;ST FONS CENTRE;Périurbaine;PM10;Industrielle;6;Oui;mesures indicatives;;Moy. annuelle;19.0;19.208135917683624;µg-m3;95.0;100;95.0;R;1;45.7078;4.8644
2019/01/01 00:00:00;2019/12/31 23:59:59;ATMO AUVERGNE-RHÔNE-ALPES;FR84ZAG01;ZAG LYON;FR20037;TERNAY;Périurbaine;PM10;Fond;6;Oui;mesures indicatives;;Moy. annuelle;18.0;17.841953441295534;µg-m3;68.0;100;68.0;R;1;45.6019;4.8022
2019/01/01 00:00:00;2019/12/31 23:59:59;ATMO AUVERGNE-RHÔNE-ALPES;FR84ZAG01;ZAG LYON;FR20045;GENAS;Périurbaine;PM10;Fond;5;Oui;mesures indicatives;;Moy. annuelle;10.0;9.578378378378378;µg-m3;77.0;1;0.0;N;-1;45.7317;4.9803
2019/01/01 00:00:00;2019/12/31 23:59:59;ATMO AUVERGNE-RHÔNE-ALPES;FR84ZAG01;ZAG LYON;FR20046;VAULX EN VELIN;Urbaine;PM10;Fond;6;Oui;mesures indicatives;;Moy. annuelle;16.0;16.15079090174342;µg-m3;99.0;100;99.0;R;1;45.7789;4.9247
2019/01/01 00:00:00;2019/12/31 23:59:59;ATMO AUVERGNE-RHÔNE-ALPES;FR84ZAG01;ZAG LYON;FR20047;COTIERE AIN;Périurbaine;PM10;Fond;5;Oui;mesures indicatives;;Moy. annuelle;13.0;13.3982985214738;µg-m3;97.0;100;97.0;R;1;45.823223;4.953958
2019/01/01 00:00:00;2019/12/31 23:59:59;ATMO AUVERGNE-RHÔNE-ALPES;FR84ZAG01;ZAG LYON;FR20048;SAINT EXUPERY;Périurbaine;PM10;Fond;5;Oui;mesures indicatives;;Moy. annuelle;15.0;14.864816262705224;µg-m3;89.0;99;88.0;R;1;45.7533;5.0722
2019/01/01 00:00:00;2019/12/31 23:59:59;ATMO AUVERGNE-RHÔNE-ALPES;FR84ZAG01;ZAG LYON;FR20062;LYON Centre;Urbaine;PM10;Fond;5;Oui;mesures fixes;;Moy. annuelle;19.0;18.802661955241497;µg-m3;97.0;100;97.0;R;1;45.757732;4.854214
2019/01/01 00:00:00;2019/12/31 23:59:59;ATMO AUVERGNE-RHÔNE-ALPES;FR84ZAG01;ZAG LYON;FR20069;Lyon Périphérique;Urbaine;PM10;Trafic;2;Oui;mesures fixes;;Moy. annuelle;23.0;23.182786219696077;µg-m3;98.0;100;98.0;R;1;45.77482;4.898572
2019/01/01 00:00:00;2019/12/31 23:59:59;ATMO AUVERGNE-RHÔNE-ALPES;FR84ZAG01;ZAG LYON;FR20070;LYON TRAFIC JAURES;Urbaine;PM10;Trafic;2;Oui;mesures indicatives;;Moy. annuelle;19.0;19.306836902800754;µg-m3;97.0;100;97.0;R;1;45.7496944;4.84438888888888
2019/01/01 00:00:00;2019/12/31 23:59:59;ATMO AUVERGNE-RHÔNE-ALPES;FR84ZAG01;ZAG LYON;FR20077;Villefranche Centre ;Urbaine;PM10;Fond;6;Oui;mesures fixes;;Moy. annuelle;14.0;14.303368445421961;µg-m3;99.0;100;99.0;R;1;45.990112;4.715566
2019/01/01 00:00:00;2019/12/31 23:59:59;ATMO NORMANDIE;FR28ZAR02;ZAR CAEN;FR21001;Caen Chemin-Vert;Urbaine;PM10;Fond;D;Oui;mesures fixes;;Moy. annuelle;16.0;16.303828934967;µg-m3;97.0;100;97.0;R;1;49.19222;-0.391111
2019/01/01 00:00:00;2019/12/31 23:59:59;ATMO NORMANDIE;FR28ZAR02;ZAR CAEN;FR21016;Caen Vaucelles;Urbaine;PM10;Trafic;D;Oui;mesures fixes;;Moy. annuelle;19.0;18.94656345296736;µg-m3;97.0;100;97.0;R;1;49.175278;-0.353611
2019/01/01 00:00:00;2019/12/31 23:59:59;ATMO NORMANDIE;FR28ZAR02;ZAR CAEN;FR21019;IFS Caen sud;Urbaine;PM10;Fond;C;Oui;mesures fixes;;Moy. annuelle;16.0;15.894905213270118;µg-m3;96.0;100;96.0;R;1;49.15167;-0.352778
2019/01/01 00:00:00;2019/12/31 23:59:59;ATMO NORMANDIE;FR28ZRE01;ZR NORMANDIE;FR21021;Lisieux;Urbaine;PM10;Fond;;Oui;mesures fixes;;Moy. annuelle;16.0;15.833596746077896;µg-m3;98.0;100;98.0;R;1;49.147224;0.227222
2019/01/01 00:00:00;2019/12/31 23:59:59;ATMO NORMANDIE;FR28ZRE01;ZR NORMANDIE;FR21031;Alençon Météo-France;Périurbaine;PM10;Fond;D;Oui;mesures fixes;;Moy. annuelle;14.0;13.555704615384636;µg-m3;93.0;99;93.0;R;1;48.445553;0.110833
2019/01/01 00:00:00;2019/12/31 23:59:59;ATMO NORMANDIE;FR28ZRE01;ZR NORMANDIE;FR21035;cherbourg doumer;Urbaine;PM10;Fond;E;Oui;mesures fixes;;Moy. annuelle;18.0;17.678178873076483;µg-m3;99.0;100;99.0;R;1;49.63639;-1.626667
2019/01/01 00:00:00;2019/12/31 23:59:59;ATMO NORMANDIE;FR28ZRE01;ZR NORMANDIE;FR21037;Cherbourg port charb;Périurbaine;PM10;Industrielle;;Oui;mesures fixes;;Moy. annuelle;20.0;20.44162224797223;µg-m3;99.0;100;99.0;R;1;49.64695;-1.59342
2019/01/01 00:00:00;2019/12/31 23:59:59;ATMO NORMANDIE;FR28ZRE01;ZR NORMANDIE;FR21038;Cherbourg Hotel de Ville;Urbaine;PM10;Fond;1;Oui;mesures fixes;;Moy. annuelle;19.0;19.40970775095299;µg-m3;92.0;49;45.0;N;-1;49.64225;-1.624361
2019/01/01 00:00:00;2019/12/31 23:59:59;ATMO NORMANDIE;FR28ZRE01;ZR NORMANDIE;FR21040;Saint-Lô Eglise;Urbaine;PM10;Fond;B;Oui;mesures fixes;;Moy. annuelle;16.0;15.72366279069777;µg-m3;98.0;100;98.0;R;1;49.11639;-1.084722
2019/01/01 00:00:00;2019/12/31 23:59:59;ATMO NORMANDIE;FR28ZRE01;ZR NORMANDIE;FR21050;La Coulonche MERA;Rurale nationale;PM10;Fond;A;Oui;mesures fixes;;Moy. annuelle;12.0;11.578835425383543;µg-m3;98.0;100;98.0;R;1;48.645;-0.458333
2019/01/01 00:00:00;2019/12/31 23:59:59;ATMO NORMANDIE;FR28ZRE01;ZR NORMANDIE;FR21060;Moult proximité;Urbaine;PM10;Trafic;1;Oui;mesures fixes;;Moy. annuelle;14.0;13.832545071411856;µg-m3;98.0;100;98.0;R;1;49.117196;-0.169666
2019/01/01 00:00:00;2019/12/31 23:59:59;ATMO GRAND EST;FR44ZRE01;ZR GRAND-EST;FR22009;Ecole de Carling(9);Périurbaine;PM10;Industrielle;A;Oui;mesures indicatives;;Moy. annuelle;16.0;15.604995309568524;µg-m3;97.0;100;97.0;R;1;49.165726;6.716886
2019/01/01 00:00:00;2019/12/31 23:59:59;ATMO GRAND EST;FR44ZRE01;ZR GRAND-EST;FR22019;SCHOENECK (19);Périurbaine;PM10;Fond;A;Oui;mesures fixes;;Moy. annuelle;16.0;15.840909618285183;µg-m3;98.0;100;98.0;R;1;49.220364;6.925833
2019/01/01 00:00:00;2019/12/31 23:59:59;ATMO GRAND EST;FR44ZRE01;ZR GRAND-EST;FR22022;SARREGUEMINES;Urbaine;PM10;Fond;B;Oui;mesures fixes;;Moy. annuelle;14.0;13.86879606879607;µg-m3;98.0;100;98.0;R;1;49.118343;7.083539
2019/01/01 00:00:00;2019/12/31 23:59:59;ATMO GRAND EST;FR44ZRE01;ZR GRAND-EST;FR22054;Station de FORBACH;Urbaine;PM10;Fond;E;Oui;mesures fixes;;Moy. annuelle;17.0;17.213225844140656;µg-m3;98.0;100;98.0;R;1;49.18742;6.910867
2019/01/01 00:00:00;2019/12/31 23:59:59;AIR PAYS DE LA LOIRE;FR52ZRE01;ZR PAYS-DE-LA-LOIRE;FR23068;FROSSAY;Rurale près des villes;PM10;Industrielle;3;Oui;mesures fixes;;Moy. annuelle;13.0;13.3899624324959;µg-m3;98.0;99;97.0;R;1;47.24747;-1.936619
2019/01/01 00:00:00;2019/12/31 23:59:59;AIR PAYS DE LA LOIRE;FR52ZAG01;ZAG NANTES-SAINT-NAZAIRE;FR23070;S ETIENNE DE MONTLUC;Périurbaine;PM10;Industrielle;2;Oui;mesures fixes;;Moy. annuelle;13.0;12.75553058085884;µg-m3;98.0;99;96.0;R;1;47.28318;-1.783164
2019/01/01 00:00:00;2019/12/31 23:59:59;AIR PAYS DE LA LOIRE;FR52ZRE01;ZR PAYS-DE-LA-LOIRE;FR23078;SAINT EXUPERY;Urbaine;PM10;Fond;2;Oui;mesures fixes;;Moy. annuelle;17.0;17.18109522148599;µg-m3;98.0;100;98.0;R;1;47.054443;-0.886111
2019/01/01 00:00:00;2019/12/31 23:59:59;AIR PAYS DE LA LOIRE;FR52ZAG01;ZAG NANTES-SAINT-NAZAIRE;FR23107;LA CHAUVINIERE;Urbaine;PM10;Fond;2;Oui;mesures fixes;;Moy. annuelle;15.0;15.326355671323736;µg-m3;97.0;99;96.0;R;1;47.252777;-1.573333
2019/01/01 00:00:00;2019/12/31 23:59:59;AIR PAYS DE LA LOIRE;FR52ZAG01;ZAG NANTES-SAINT-NAZAIRE;FR23110;LEON BLUM;Urbaine;PM10;Fond;2;Oui;mesures fixes;;Moy. annuelle;17.0;17.235318791946405;µg-m3;95.0;100;95.0;R;1;47.26412;-2.249858
2019/01/01 00:00:00;2019/12/31 23:59:59;AIR PAYS DE LA LOIRE;FR52ZAR01;ZAR ANGERS-LOIRE;FR23120;BEAUX ARTS;Urbaine;PM10;Fond;2;Oui;mesures fixes;;Moy. annuelle;16.0;15.761889855072445;µg-m3;98.0;100;98.0;R;1;47.468513;-0.556053
2019/01/01 00:00:00;2019/12/31 23:59:59;AIR PAYS DE LA LOIRE;FR52ZAR03;ZAR LAVAL;FR23123;MAZAGRAN;Urbaine;PM10;Fond;2;Oui;mesures fixes;;Moy. annuelle;15.0;14.799307878648056;µg-m3;99.0;100;99.0;R;1;48.06943;-0.767692
2019/01/01 00:00:00;2019/12/31 23:59:59;AIR PAYS DE LA LOIRE;FR52ZRE01;ZR PAYS-DE-LA-LOIRE;FR23124;LA TARDIERE;Rurale nationale;PM10;Fond;3;Oui;mesures fixes;;Moy. annuelle;12.0;11.94243507267095;µg-m3;96.0;99;96.0;R;1;46.656685;-0.743681
2019/01/01 00:00:00;2019/12/31 23:59:59;AIR PAYS DE LA LOIRE;FR52ZAG01;ZAG NANTES-SAINT-NAZAIRE;FR23140;VICTOR HUGO;Urbaine;PM10;Trafic;1;Oui;mesures fixes;;Moy. annuelle;19.0;19.329399976423478;µg-m3;97.0;100;97.0;R;1;47.204356;-1.552914
2019/01/01 00:00:00;2019/12/31 23:59:59;AIR PAYS DE LA LOIRE;FR52ZRE01;ZR PAYS-DE-LA-LOIRE;FR23152;DELACROIX;Urbaine;PM10;Fond;2;Oui;mesures fixes;;Moy. annuelle;15.0;15.310461574507967;µg-m3;97.0;100;97.0;R;1;46.6607;-1.436831
2019/01/01 00:00:00;2019/12/31 23:59:59;AIR PAYS DE LA LOIRE;FR52ZRE01;ZR PAYS-DE-LA-LOIRE;FR23177;SAINT-DENIS D'ANJOU;Rurale régionale;PM10;Fond;3;Oui;mesures fixes;;Moy. annuelle;15.0;15.318863930377475;µg-m3;97.0;100;97.0;R;1;47.78773;-0.444044
2019/01/01 00:00:00;2019/12/31 23:59:59;AIR PAYS DE LA LOIRE;FR52ZAG01;ZAG NANTES-SAINT-NAZAIRE;FR23178;PARSCAU DU PLESSIS;Périurbaine;PM10;Industrielle;1;Oui;mesures fixes;;Moy. annuelle;15.0;15.201750495973794;µg-m3;98.0;100;98.0;R;1;47.319157;-2.066953
2019/01/01 00:00:00;2019/12/31 23:59:59;AIR PAYS DE LA LOIRE;FR52ZAR02;ZAR LE-MANS;FR23182;SOURCES;Urbaine;PM10;Fond;2;Oui;mesures fixes;;Moy. annuelle;15.0;15.105645067810329;µg-m3;99.0;100;98.0;R;1;47.971066;0.221422
2019/01/01 00:00:00;2019/12/31 23:59:59;AIR PAYS DE LA LOIRE;FR52ZAG01;ZAG NANTES-SAINT-NAZAIRE;FR23188;CIM BOUTEILLERIE;Urbaine;PM10;Fond;2;Oui;mesures fixes;;Moy. annuelle;17.0;17.104570895522397;µg-m3;98.0;100;98.0;R;1;47.2225;-1.5375
2019/01/01 00:00:00;2019/12/31 23:59:59;AIR PAYS DE LA LOIRE;FR52ZAG01;ZAG NANTES-SAINT-NAZAIRE;FR23238;LEVOYER;Urbaine;PM10;Industrielle;A;Oui;mesures fixes;;Moy. annuelle;19.0;18.598789030036816;µg-m3;97.0;99;96.0;R;1;47.1941472;-1.581677778
2019/01/01 00:00:00;2019/12/31 23:59:59;AIR PAYS DE LA LOIRE;FR52ZAG01;ZAG NANTES-SAINT-NAZAIRE;FR23239;LES COUETS;Urbaine;PM10;Industrielle;A;Oui;mesures fixes;;Moy. annuelle;18.0;17.95583565628404;µg-m3;95.0;99;94.0;R;1;47.1859194;-1.59149722222222
2019/01/01 00:00:00;2019/12/31 23:59:59;ATMO SUD;FR93ZAG02;ZAG NICE;FR24009;CANNES BROUSSAILLES;Urbaine;PM10;Fond;2;Oui;mesures fixes;;Moy. annuelle;22.0;21.909964794122182;µg-m3;75.0;100;75.0;N;-1;43.558389;7.005919
2019/01/01 00:00:00;2019/12/31 23:59:59;ATMO SUD;FR93ZRE01;ZR PROVENCE-ALPES-COTE D’AZUR;FR24018;MANOSQUE;Urbaine;PM10;Fond;2;Oui;mesures fixes;;Moy. annuelle;13.0;13.37664567830566;µg-m3;100.0;100;100.0;R;1;43.835784;5.786131
2019/01/01 00:00:00;2019/12/31 23:59:59;ATMO SUD;FR93ZAG02;ZAG NICE;FR24021;PEILLON;Périurbaine;PM10;Industrielle;2;Oui;mesures fixes;;Moy. annuelle;22.0;21.5902531796029;µg-m3;96.0;100;96.0;R;1;43.786583;7.373283
2019/01/01 00:00:00;2019/12/31 23:59:59;ATMO SUD;FR93ZAG02;ZAG NICE;FR24023;CONTES 2;Périurbaine;PM10;Fond;2;Oui;mesures fixes;;Moy. annuelle;27.0;27.295600154380566;µg-m3;89.0;100;89.0;R;1;43.788748;7.332382
2019/01/01 00:00:00;2019/12/31 23:59:59;ATMO SUD;FR93ZRE01;ZR PROVENCE-ALPES-COTE D’AZUR;FR24033;GAP COMMANDERIE;Urbaine;PM10;Fond;3;Oui;mesures fixes;;Moy. annuelle;18.0;18.328734810578958;µg-m3;96.0;99;96.0;R;1;44.555193;6.073015
2019/01/01 00:00:00;2019/12/31 23:59:59;ATMO SUD;FR93ZAG02;ZAG NICE;FR24035;NICE PROMENADE;Urbaine;PM10;Trafic;1;Oui;mesures fixes;;Moy. annuelle;30.0;29.857559241706156;µg-m3;97.0;100;96.0;R;1;43.689291;7.242074
2019/01/01 00:00:00;2019/12/31 23:59:59;ATMO SUD;FR93ZAG02;ZAG NICE;FR24036;NICE ARSON;Urbaine;PM10;Fond;2;Oui;mesures fixes;;Moy. annuelle;20.0;19.99137586652572;µg-m3;97.0;100;97.0;R;1;43.702075;7.286256
2019/01/01 00:00:00;2019/12/31 23:59:59;ATMO SUD;FR93ZRE01;ZR PROVENCE-ALPES-COTE D’AZUR;FR24038;GAP JEAN JAURES;Urbaine;PM10;Trafic;2;Oui;mesures fixes;;Moy. annuelle;17.0;16.9533096655978;µg-m3;100.0;100;100.0;R;1;44.548647;6.067237
2019/01/01 00:00:00;2019/12/31 23:59:59;ATMO SUD;FR93ZRE01;ZR PROVENCE-ALPES-COTE D’AZUR;FR24039;Obs Haute-Provence;Rurale près des villes;PM10;Fond;2;Oui;mesures fixes;;Moy. annuelle;10.0;10.244561362024118;µg-m3;98.0;99;97.0;R;1;43.933476;5.711809
2019/01/01 00:00:00;2019/12/31 23:59:59;ATMO NORMANDIE;FR28ZAG01;ZAG ROUEN;FR25035;Gd Couronne Mairie;Urbaine;PM10;Industrielle;C;Oui;mesures fixes;;Moy. annuelle;17.0;16.5735548764961;µg-m3;90.0;99;90.0;R;1;49.358215;1.007853
2019/01/01 00:00:00;2019/12/31 23:59:59;ATMO NORMANDIE;FR28ZAG01;ZAG ROUEN;FR25036;Espace du Palais;Urbaine;PM10;Fond;D;Oui;mesures fixes;;Moy. annuelle;17.0;17.216861745277665;µg-m3;99.0;100;99.0;R;1;49.442358;1.093789
2019/01/01 00:00:00;2019/12/31 23:59:59;ATMO NORMANDIE;FR28ZRE01;ZR NORMANDIE;FR25039;Evreux Centre;Urbaine;PM10;Fond;1;Oui;mesures fixes;;Moy. annuelle;16.0;15.53432178158863;µg-m3;96.0;100;96.0;R;1;49.02134;1.148319
2019/01/01 00:00:00;2019/12/31 23:59:59;ATMO NORMANDIE;FR28ZAR03;ZAR DIEPPE;FR25045;Phare d Ailly;Rurale près des villes;PM10;Fond;B;Oui;mesures fixes;;Moy. annuelle;15.0;15.495708406819505;µg-m3;78.0;100;78.0;N;-1;49.916363;0.957178
2019/01/01 00:00:00;2019/12/31 23:59:59;ATMO NORMANDIE;FR28ZAG01;ZAG ROUEN;FR25048;Petit Quevilly;Urbaine;PM10;Fond;B;Oui;mesures fixes;;Moy. annuelle;19.0;18.750185873605957;µg-m3;98.0;100;98.0;R;1;49.42815;1.058025
2019/01/01 00:00:00;2019/12/31 23:59:59;ATMO NORMANDIE;FR28ZRE01;ZR NORMANDIE;FR25049;Base loisirs Poses;Rurale près des villes;PM10;Fond;1;Oui;mesures fixes;;Moy. annuelle;13.0;12.874343640606762;µg-m3;78.0;100;78.0;N;-1;49.30487;1.214367
2019/01/01 00:00:00;2019/12/31 23:59:59;ATMO NORMANDIE;FR28ZAR03;ZAR DIEPPE;FR25051;Dieppe prox-auto;Urbaine;PM10;Trafic;5;Oui;mesures fixes;;Moy. annuelle;25.0;25.141464273143423;µg-m3;97.0;100;97.0;R;1;49.918007;1.073972
2019/01/01 00:00:00;2019/12/31 23:59:59;ATMO NORMANDIE;FR28ZAG01;ZAG ROUEN;FR25053;Rouen Proxi Quai de Paris;Urbaine;PM10;Trafic;1;Oui;mesures fixes;;Moy. annuelle;21.0;21.246084649982702;µg-m3;99.0;100;99.0;R;1;49.436699;1.098838
2019/01/01 00:00:00;2019/12/31 23:59:59;ATMO NORMANDIE;FR28ZAG01;ZAG ROUEN;FR25054;Petit-Quevilly Sud 3;Urbaine;PM10;Trafic;1;Oui;mesures fixes;;Moy. annuelle;26.0;26.0938495268867;µg-m3;99.0;100;99.0;R;1;49.4341639;1.067052778
2019/01/01 00:00:00;2019/12/31 23:59:59;ATMO BOURGOGNE-FRANCHE-COMTE;FR27ZAR02;ZAR DIJON;FR26005;Dijon Péjoces;Périurbaine;PM10;Fond;C;Oui;mesures fixes;;Moy. annuelle;16.0;16.379199161913643;µg-m3;98.0;100;98.0;R;1;47.307368;5.065881
2019/01/01 00:00:00;2019/12/31 23:59:59;ATMO BOURGOGNE-FRANCHE-COMTE;FR27ZRE01;ZR BOURGOGNE-FRANCHE-COMTE;FR26012;Morvan;Rurale nationale;PM10;Fond;B;Oui;mesures fixes;;Moy. annuelle;11.0;11.031720297029683;µg-m3;96.0;96;92.0;R;1;47.274762;4.099476
2019/01/01 00:00:00;2019/12/31 23:59:59;ATMO BOURGOGNE-FRANCHE-COMTE;FR27ZAR02;ZAR DIJON;FR26014;Dijon Trémouille;Urbaine;PM10;Fond;B;Oui;mesures fixes;;Moy. annuelle;13.0;13.437690657769307;µg-m3;97.0;99;96.0;R;1;47.325744;5.041056
2019/01/01 00:00:00;2019/12/31 23:59:59;ATMO BOURGOGNE-FRANCHE-COMTE;FR27ZRE01;ZR BOURGOGNE-FRANCHE-COMTE;FR26016;Sens;Urbaine;PM10;Fond;B;Oui;mesures fixes;;Moy. annuelle;15.0;14.674729871035241;µg-m3;98.0;100;98.0;R;1;48.200436;3.2773
2019/01/01 00:00:00;2019/12/31 23:59:59;ATMO BOURGOGNE-FRANCHE-COMTE;FR27ZRE01;ZR BOURGOGNE-FRANCHE-COMTE;FR26017;Nevers;Urbaine;PM10;Fond;B;Oui;mesures fixes;;Moy. annuelle;12.0;12.149012958701737;µg-m3;94.0;100;94.0;R;1;46.996828;3.171092
2019/01/01 00:00:00;2019/12/31 23:59:59;ATMO BOURGOGNE-FRANCHE-COMTE;FR27ZRE01;ZR BOURGOGNE-FRANCHE-COMTE;FR26019;Auxerre;Urbaine;PM10;Fond;B;Oui;mesures fixes;;Moy. annuelle;15.0;15.226674432149085;µg-m3;98.0;100;98.0;R;1;47.800575;3.576189
2019/01/01 00:00:00;2019/12/31 23:59:59;ATMO BOURGOGNE-FRANCHE-COMTE;FR27ZRE01;ZR BOURGOGNE-FRANCHE-COMTE;FR26035;Nuits-Saint-Georges;Périurbaine;PM10;Trafic;B;Oui;mesures fixes;;Moy. annuelle;15.0;14.903771191327404;µg-m3;99.0;100;99.0;R;1;47.137231;4.950573
2019/01/01 00:00:00;2019/12/31 23:59:59;ATMO AUVERGNE-RHÔNE-ALPES;FR84ZAR02;ZAR VALLEE-DU-RHONE;FR27002;ROUSSILLON;Urbaine;PM10;Fond;5;Oui;mesures indicatives;;Moy. annuelle;18.0;18.11726822363762;µg-m3;97.0;100;97.0;R;1;45.36782;4.805147
2019/01/01 00:00:00;2019/12/31 23:59:59;ATMO AUVERGNE-RHÔNE-ALPES;FR84ZAG01;ZAG LYON;FR27007;Bourgoin-Jallieu;Urbaine;PM10;Fond;5;Oui;mesures indicatives;;Moy. annuelle;15.0;15.390857290857301;µg-m3;91.0;96;88.0;R;1;45.60822;5.270872
2019/01/01 00:00:00;2019/12/31 23:59:59;ATMO AUVERGNE-RHÔNE-ALPES;FR84ZAR02;ZAR VALLEE-DU-RHONE;FR27008;A7 Nord-Isère;Périurbaine;PM10;Trafic;9;Oui;mesures indicatives;;Moy. annuelle;16.0;15.856383773021408;µg-m3;98.0;93;92.0;R;1;45.35327;4.804847
2019/01/01 00:00:00;2019/12/31 23:59:59;ATMO HAUTS DE FRANCE;FR32ZAG01;ZAG BLDV;FR28010;Harnes Serres;Périurbaine;PM10;Fond;0;Oui;mesures fixes;;Moy. annuelle;20.0;20.304973404255232;µg-m3;86.0;100;86.0;R;1;50.44914;2.9
2019/01/01 00:00:00;2019/12/31 23:59:59;ATMO HAUTS DE FRANCE;FR32ZAR04;ZAR ARRAS;FR28022;St-Laurent-Blangy;Périurbaine;PM10;Fond;1;Oui;mesures fixes;;Moy. annuelle;20.0;19.61863461776733;µg-m3;92.0;100;92.0;R;1;50.30886;2.807369
2019/01/01 00:00:00;2019/12/31 23:59:59;ATMO HAUTS DE FRANCE;FR32ZAG01;ZAG BLDV;FR28028;Bethune Stade;Urbaine;PM10;Fond;E;Oui;mesures fixes;;Moy. annuelle;18.0;17.882468294974135;µg-m3;97.0;100;97.0;R;1;50.535385;2.635692
2019/01/01 00:00:00;2019/12/31 23:59:59;ATMO HAUTS DE FRANCE;FR32ZAG01;ZAG BLDV;FR28033;Noeux-les-Mines;Périurbaine;PM10;Fond;1;Oui;mesures fixes;;Moy. annuelle;18.0;18.266593433418837;µg-m3;94.0;100;94.0;R;1;50.48972;2.66642
2019/01/01 00:00:00;2019/12/31 23:59:59;ATMO HAUTS DE FRANCE;FR32ZAG01;ZAG BLDV;FR28115;Lens Varsovie;Urbaine;PM10;Trafic;3;Oui;mesures fixes;;Moy. annuelle;21.0;20.79968575917723;µg-m3;80.0;100;80.0;N;-1;50.428604;2.836111
2019/01/01 00:00:00;2019/12/31 23:59:59;ATMO AUVERGNE-RHÔNE-ALPES;FR84ZRE01;ZR AUVERGNE-RHONE-ALPES;FR29423;ROANNE;Urbaine;PM10;Fond;4;Oui;mesures indicatives;;Moy. annuelle;14.0;13.679283947709314;µg-m3;97.0;100;97.0;R;1;46.04111;4.074656
2019/01/01 00:00:00;2019/12/31 23:59:59;ATMO AUVERGNE-RHÔNE-ALPES;FR84ZAG03;ZAG SAINT-ETIENNE;FR29424;SAINT ETIENNE SUD;Urbaine;PM10;Fond;7;Oui;mesures fixes;;Moy. annuelle;13.0;12.965583592579764;µg-m3;99.0;100;99.0;R;1;45.42009;4.395422
2019/01/01 00:00:00;2019/12/31 23:59:59;ATMO AUVERGNE-RHÔNE-ALPES;FR84ZAG03;ZAG SAINT-ETIENNE;FR29426;SAINT-CHAMOND;Urbaine;PM10;Fond;7;Oui;mesures indicatives;;Moy. annuelle;13.0;12.502122865275124;µg-m3;99.0;97;96.0;R;1;45.475327;4.515003
2019/01/01 00:00:00;2019/12/31 23:59:59;ATMO AUVERGNE-RHÔNE-ALPES;FR84ZAG03;ZAG SAINT-ETIENNE;FR29429;RIVE DE GIER;Périurbaine;PM10;Trafic;7;Oui;mesures fixes;;Moy. annuelle;15.0;14.806194375222526;µg-m3;96.0;100;96.0;R;1;45.533424;4.623939
2019/01/01 00:00:00;2019/12/31 23:59:59;ATMO AUVERGNE-RHÔNE-ALPES;FR84ZAG03;ZAG SAINT-ETIENNE;FR29439;LA TALAUDIERE;Périurbaine;PM10;Fond;4;Oui;mesures indicatives;;Moy. annuelle;16.0;16.301541720607222;µg-m3;98.0;99;97.0;R;1;45.481777;4.429667
2019/01/01 00:00:00;2019/12/31 23:59:59;ATMO AUVERGNE-RHÔNE-ALPES;FR84ZAG03;ZAG SAINT-ETIENNE;FR29441;ST ETIENNE BD URBAIN ;Urbaine;PM10;Trafic;2;Oui;mesures indicatives;;Moy. annuelle;19.0;18.569461749314744;µg-m3;92.0;100;92.0;R;1;45.4479806;4.388763889
2019/01/01 00:00:00;2019/12/31 23:59:59;ATMO GRAND EST;FR44ZRE01;ZR GRAND-EST;FR30019;Epinal;Urbaine;PM10;Fond;;Oui;mesures fixes;;Moy. annuelle;11.0;11.025402806652863;µg-m3;88.0;100;88.0;R;1;48.17278;6.452811
2019/01/01 00:00:00;2019/12/31 23:59:59;ATMO GRAND EST;FR44ZRE01;ZR GRAND-EST;FR30020;Bar Le Duc;Urbaine;PM10;Fond;1;Oui;mesures fixes;;Moy. annuelle;14.0;14.492344853214382;µg-m3;92.0;100;92.0;R;1;48.77586;5.162789
2019/01/01 00:00:00;2019/12/31 23:59:59;ATMO GRAND EST;FR44ZAG03;ZAG NANCY;FR30021;Fléville;Périurbaine;PM10;Fond;C;Oui;mesures fixes;;Moy. annuelle;17.0;17.43800096571701;µg-m3;95.0;100;95.0;R;1;48.621502;6.194922
2019/01/01 00:00:00;2019/12/31 23:59:59;ATMO GRAND EST;FR44ZRE01;ZR GRAND-EST;FR30027;Frolois;Urbaine;PM10;Industrielle;E;Oui;mesures indicatives;;Moy. annuelle;17.0;17.454843657817065;µg-m3;97.0;100;97.0;R;1;48.565445;6.129578
2019/01/01 00:00:00;2019/12/31 23:59:59;ATMO GRAND EST;FR44ZRE01;ZR GRAND-EST;FR30029;Vittel;Périurbaine;PM10;Fond;5;Oui;mesures fixes;;Moy. annuelle;15.0;14.881032112957596;µg-m3;93.0;99;91.0;R;1;48.19361;5.937222
2019/01/01 00:00:00;2019/12/31 23:59:59;ATMO GRAND EST;FR44ZAG03;ZAG NANCY;FR30030;Neuves-Maisons;Urbaine;PM10;Industrielle;8;Oui;mesures fixes;;Moy. annuelle;20.0;19.735193577625292;µg-m3;90.0;98;88.0;R;1;48.614914;6.107672
2019/01/01 00:00:00;2019/12/31 23:59:59;ATMO GRAND EST;FR44ZRE01;ZR GRAND-EST;FR30032;Heming;Rurale près des villes;PM10;Industrielle;C;Oui;mesures fixes;;Moy. annuelle;18.0;18.336382820258166;µg-m3;92.0;100;92.0;R;1;48.694725;6.965275
2019/01/01 00:00:00;2019/12/31 23:59:59;ATMO GRAND EST;FR44ZRE01;ZR GRAND-EST;FR30033;Jonville en Woevre;Rurale régionale;PM10;Fond;B;Oui;mesures fixes;;Moy. annuelle;18.0;17.596519632840423;µg-m3;91.0;99;90.0;R;1;49.06583;5.785556
2019/01/01 00:00:00;2019/12/31 23:59:59;ATMO GRAND EST;FR44ZAG03;ZAG NANCY;FR30034;Nancy-Charles III;Urbaine;PM10;Fond;F;Oui;mesures fixes;;Moy. annuelle;16.0;16.087280754086567;µg-m3;96.0;100;96.0;R;1;48.68817;6.190431
2019/01/01 00:00:00;2019/12/31 23:59:59;ATMO NOUVELLE-AQUITAINE;FR75ZAG01;ZAG BORDEAUX;FR31001;GRAND PARC;Urbaine;PM10;Fond;3;Oui;mesures fixes;;Moy. annuelle;17.0;17.45802919708022;µg-m3;97.0;100;97.0;R;1;44.86139;-0.579444
2019/01/01 00:00:00;2019/12/31 23:59:59;ATMO NOUVELLE-AQUITAINE;FR75ZAG01;ZAG BORDEAUX;FR31002;TALENCE;Urbaine;PM10;Fond;2;Oui;mesures fixes;;Moy. annuelle;16.0;15.531709370864961;µg-m3;95.0;100;95.0;R;1;44.800556;-0.588056
2019/01/01 00:00:00;2019/12/31 23:59:59;ATMO NOUVELLE-AQUITAINE;FR75ZAG01;ZAG BORDEAUX;FR31003;BORDEAUX-BASTIDE;Urbaine;PM10;Trafic;4;Oui;mesures fixes;;Moy. annuelle;17.0;16.80659557204127;µg-m3;98.0;100;98.0;R;1;44.849724;-0.543889
2019/01/01 00:00:00;2019/12/31 23:59:59;ATMO NOUVELLE-AQUITAINE;FR75ZAG01;ZAG BORDEAUX;FR31006;MERIGNAC;Urbaine;PM10;Trafic;4;Oui;mesures fixes;;Moy. annuelle;17.0;17.435549781504672;µg-m3;97.0;100;97.0;R;1;44.84139;-0.65
2019/01/01 00:00:00;2019/12/31 23:59:59;ATMO NOUVELLE-AQUITAINE;FR75ZAG01;ZAG BORDEAUX;FR31007;BASSENS;Urbaine;PM10;Fond;2;Oui;mesures fixes;;Moy. annuelle;17.0;16.627025089605688;µg-m3;96.0;100;96.0;R;1;44.900276;-0.514722
2019/01/01 00:00:00;2019/12/31 23:59:59;ATMO NOUVELLE-AQUITAINE;FR75ZRE01;ZR NOUVELLE-AQUITAINE;FR31013;BILLERE;Urbaine;PM10;Fond;3;Oui;mesures fixes;;Moy. annuelle;13.0;13.151946542707739;µg-m3;98.0;100;98.0;R;1;43.310833;-0.391111
2019/01/01 00:00:00;2019/12/31 23:59:59;ATMO NOUVELLE-AQUITAINE;FR75ZRE01;ZR NOUVELLE-AQUITAINE;FR31014;HAMEAU;Urbaine;PM10;Fond;3;Oui;mesures fixes;;Moy. annuelle;19.0;19.16631799163183;µg-m3;100.0;5;5.0;N;-1;43.307777;-0.322778
2019/01/01 00:00:00;2019/12/31 23:59:59;ATMO NOUVELLE-AQUITAINE;FR75ZRE01;ZR NOUVELLE-AQUITAINE;FR31016;SAINT-CROUTS;Urbaine;PM10;Fond;3;Oui;mesures fixes;;Moy. annuelle;15.0;15.170733386893133;µg-m3;99.0;100;99.0;R;1;43.47972;-1.488056
2019/01/01 00:00:00;2019/12/31 23:59:59;ATMO NOUVELLE-AQUITAINE;FR75ZRE01;ZR NOUVELLE-AQUITAINE;FR31017;ANGLET;Urbaine;PM10;Trafic;3;Oui;mesures fixes;;Moy. annuelle;23.0;23.215896129110586;µg-m3;95.0;99;94.0;R;1;43.494031;-1.528765
2019/01/01 00:00:00;2019/12/31 23:59:59;ATMO NOUVELLE-AQUITAINE;FR75ZRE01;ZR NOUVELLE-AQUITAINE;FR31021;LABASTIDE CEZERACQ;Rurale régionale;PM10;Fond;3;Oui;mesures fixes;;Moy. annuelle;14.0;13.846037059175083;µg-m3;95.0;100;95.0;R;1;43.376276;-0.538192
2019/01/01 00:00:00;2019/12/31 23:59:59;ATMO NOUVELLE-AQUITAINE;FR75ZRE01;ZR NOUVELLE-AQUITAINE;FR31026;TARTAS Pelletrin;Périurbaine;PM10;Industrielle;4;Oui;mesures fixes;;Moy. annuelle;16.0;15.658793621446735;µg-m3;99.0;100;99.0;R;1;43.838333;-0.810833
2019/01/01 00:00:00;2019/12/31 23:59:59;ATMO NOUVELLE-AQUITAINE;FR75ZRE01;ZR NOUVELLE-AQUITAINE;FR31033;PERIGUEUX;Urbaine;PM10;Fond;3;Oui;mesures fixes;;Moy. annuelle;13.0;13.12341351660941;µg-m3;100.0;100;100.0;R;1;45.18972;0.727222
2019/01/01 00:00:00;2019/12/31 23:59:59;ATMO NOUVELLE-AQUITAINE;FR75ZRE01;ZR NOUVELLE-AQUITAINE;FR31036;DAX;Urbaine;PM10;Fond;3;Oui;mesures fixes;;Moy. annuelle;18.0;17.528814753905895;µg-m3;98.0;99;97.0;R;1;43.704723;-1.038611
2019/01/01 00:00:00;2019/12/31 23:59:59;ATMO NOUVELLE-AQUITAINE;FR75ZRE01;ZR NOUVELLE-AQUITAINE;FR31039;PAU TOURASSE;Urbaine;PM10;Trafic;3;Oui;mesures fixes;;Moy. annuelle;17.0;17.448273871377424;µg-m3;99.0;100;99.0;R;1;43.31109;-0.352119
2019/01/01 00:00:00;2019/12/31 23:59:59;ATMO NOUVELLE-AQUITAINE;FR75ZRE01;ZR NOUVELLE-AQUITAINE;FR31040;MARMANDE;Périurbaine;PM10;Trafic;1;Oui;mesures fixes;;Moy. annuelle;17.0;17.086606324472896;µg-m3;100.0;100;100.0;R;1;44.508656;0.142503
2019/01/01 00:00:00;2019/12/31 23:59:59;ATMO NOUVELLE-AQUITAINE;FR75ZRE01;ZR NOUVELLE-AQUITAINE;FR31041;MONT DE MARSAN;Urbaine;PM10;Trafic;1;Oui;mesures fixes;;Moy. annuelle;17.0;17.45451084448548;µg-m3;99.0;100;99.0;R;1;43.8961;-0.491403
2019/01/01 00:00:00;2019/12/31 23:59:59;ATMO NOUVELLE-AQUITAINE;FR75ZRE01;ZR NOUVELLE-AQUITAINE;FR31043;Biarritz-hippodrome;Périurbaine;PM10;Fond;1;Oui;mesures fixes;;Moy. annuelle;21.0;20.817950563954902;µg-m3;95.0;100;95.0;R;1;43.47024;-1.553843
2019/01/01 00:00:00;2019/12/31 23:59:59;ATMO NOUVELLE-AQUITAINE;FR75ZAG01;ZAG BORDEAUX;FR31045;Bordeaux_GAUTIER;Urbaine;PM10;Trafic;1;Oui;mesures fixes;;Moy. annuelle;22.0;22.022302831734113;µg-m3;98.0;100;98.0;R;1;44.83383;-0.59853
2019/01/01 00:00:00;2019/12/31 23:59:59;ATMO BOURGOGNE-FRANCHE-COMTE;FR27ZAR04;ZAR CHALON;FR32001;Chalon Centre Ville;Urbaine;PM10;Trafic;B;Oui;mesures fixes;;Moy. annuelle;15.0;15.13539551357735;µg-m3;97.0;100;97.0;R;1;46.782311;4.847322
2019/01/01 00:00:00;2019/12/31 23:59:59;ATMO BOURGOGNE-FRANCHE-COMTE;FR27ZAR04;ZAR CHALON;FR32002;Champforgueil;Périurbaine;PM10;Fond;B;Oui;mesures fixes;;Moy. annuelle;14.0;14.028116555046378;µg-m3;97.0;100;97.0;R;1;46.821056;4.835083
2019/01/01 00:00:00;2019/12/31 23:59:59;ATMO BOURGOGNE-FRANCHE-COMTE;FR27ZRE01;ZR BOURGOGNE-FRANCHE-COMTE;FR32005;Montceau-les-Mines;Urbaine;PM10;Fond;C;Oui;mesures fixes;;Moy. annuelle;15.0;15.253902381513859;µg-m3;97.0;99;97.0;R;1;46.678785;4.366893
2019/01/01 00:00:00;2019/12/31 23:59:59;ATMO BOURGOGNE-FRANCHE-COMTE;FR27ZRE01;ZR BOURGOGNE-FRANCHE-COMTE;FR32006;Macon Paul Bert;Périurbaine;PM10;Fond;B;Oui;mesures fixes;;Moy. annuelle;14.0;13.58218518518516;µg-m3;93.0;99;92.0;R;1;46.316172;4.839994
2019/01/01 00:00:00;2019/12/31 23:59:59;ATMO AUVERGNE-RHÔNE-ALPES;FR84ZAR01;ZAR PAYS-DE-SAVOIE;FR33101;PASTEUR;Urbaine;PM10;Fond;7;Oui;mesures indicatives;;Moy. annuelle;13.0;13.328454629203097;µg-m3;99.0;100;99.0;R;1;45.56472;5.928333
2019/01/01 00:00:00;2019/12/31 23:59:59;ATMO AUVERGNE-RHÔNE-ALPES;FR84ZAR01;ZAR PAYS-DE-SAVOIE;FR33102;CHAMBERY LE HAUT;Urbaine;PM10;Fond;2;Oui;mesures indicatives;;Moy. annuelle;16.0;15.59037627476262;µg-m3;97.0;100;97.0;R;1;45.59667;5.918611
2019/01/01 00:00:00;2019/12/31 23:59:59;ATMO AUVERGNE-RHÔNE-ALPES;FR84ZAR01;ZAR PAYS-DE-SAVOIE;FR33105;Chambéry Trafic;Urbaine;PM10;Trafic;5;Oui;mesures indicatives;;Moy. annuelle;17.0;17.351734034919833;µg-m3;95.0;100;95.0;R;1;45.56943;5.932986
2019/01/01 00:00:00;2019/12/31 23:59:59;ATMO AUVERGNE-RHÔNE-ALPES;FR84ZRE01;ZR AUVERGNE-RHONE-ALPES;FR33111;SAINT JEAN;Urbaine;PM10;Fond;6;Oui;mesures indicatives;;Moy. annuelle;15.0;15.03232218775134;µg-m3;99.0;100;99.0;R;1;45.274723;6.349722
2019/01/01 00:00:00;2019/12/31 23:59:59;ATMO AUVERGNE-RHÔNE-ALPES;FR84ZRE01;ZR AUVERGNE-RHONE-ALPES;FR33113;Maurienne Trafic;Périurbaine;PM10;Trafic;4;Oui;mesures indicatives;;Moy. annuelle;11.0;11.37786020632899;µg-m3;99.0;99;98.0;R;1;45.209364;6.480326
2019/01/01 00:00:00;2019/12/31 23:59:59;ATMO AUVERGNE-RHÔNE-ALPES;FR84ZAR03;ZAR VALLEE-DE-L-ARVE;FR33120;CHAMONIX;Urbaine;PM10;Fond;2;Oui;mesures indicatives;;Moy. annuelle;16.0;15.618410427961676;µg-m3;99.0;100;99.0;R;1;45.9225;6.87
2019/01/01 00:00:00;2019/12/31 23:59:59;ATMO AUVERGNE-RHÔNE-ALPES;FR84ZAR04;ZAR VALLEE-DE-LA-TARANTAISE;FR33121;Albertville;Urbaine;PM10;Fond;6;Oui;mesures fixes;;Moy. annuelle;15.0;14.913594987587206;µg-m3;97.0;99;97.0;R;1;45.675;6.389722
2019/01/01 00:00:00;2019/12/31 23:59:59;ATMO AUVERGNE-RHÔNE-ALPES;FR84ZAR04;ZAR VALLEE-DE-LA-TARANTAISE;FR33122;La Léchère;Rurale près des villes;PM10;Industrielle;4;Oui;mesures fixes;;Moy. annuelle;19.0;19.352434003390677;µg-m3;94.0;100;94.0;R;1;45.53583;6.471111
2019/01/01 00:00:00;2019/12/31 23:59:59;ATMO AUVERGNE-RHÔNE-ALPES;FR84ZAR01;ZAR PAYS-DE-SAVOIE;FR33201;LOVERCHY;Urbaine;PM10;Fond;6;Oui;mesures indicatives;;Moy. annuelle;17.0;17.351708612329773;µg-m3;99.0;100;99.0;R;1;45.89528;6.118333
2019/01/01 00:00:00;2019/12/31 23:59:59;ATMO AUVERGNE-RHÔNE-ALPES;FR84ZAR01;ZAR PAYS-DE-SAVOIE;FR33202;NOVEL;Urbaine;PM10;Fond;6;Oui;mesures indicatives;;Moy. annuelle;16.0;15.60500466635558;µg-m3;98.0;100;98.0;R;1;45.916943;6.135556
2019/01/01 00:00:00;2019/12/31 23:59:59;ATMO AUVERGNE-RHÔNE-ALPES;FR84ZAR01;ZAR PAYS-DE-SAVOIE;FR33203;ANNECY Rocade;Urbaine;PM10;Trafic;2;Oui;mesures fixes;;Moy. annuelle;21.0;21.409841827768073;µg-m3;98.0;99;97.0;R;1;45.9097;6.11825
2019/01/01 00:00:00;2019/12/31 23:59:59;ATMO AUVERGNE-RHÔNE-ALPES;FR84ZAR01;ZAR PAYS-DE-SAVOIE;FR33211;ANNEMASSE;Urbaine;PM10;Fond;3;Oui;mesures indicatives;;Moy. annuelle;18.0;17.74875342644564;µg-m3;88.0;99;87.0;R;1;46.19583;6.240556
2019/01/01 00:00:00;2019/12/31 23:59:59;ATMO AUVERGNE-RHÔNE-ALPES;FR84ZAR01;ZAR PAYS-DE-SAVOIE;FR33212;GAILLARD;Urbaine;PM10;Fond;6;Oui;mesures indicatives;;Moy. annuelle;15.0;15.314720870975224;µg-m3;99.0;100;99.0;R;1;46.19369;6.214858
2019/01/01 00:00:00;2019/12/31 23:59:59;ATMO AUVERGNE-RHÔNE-ALPES;FR84ZAR01;ZAR PAYS-DE-SAVOIE;FR33213;ANNEMASSE TRAFIC;Urbaine;PM10;Trafic;5;Oui;mesures indicatives;;Moy. annuelle;20.0;19.748685796961638;µg-m3;96.0;99;95.0;R;1;46.1908111;6.23553611111111
2019/01/01 00:00:00;2019/12/31 23:59:59;ATMO AUVERGNE-RHÔNE-ALPES;FR84ZAR03;ZAR VALLEE-DE-L-ARVE;FR33220;PASSY;Périurbaine;PM10;Fond;4;Oui;mesures indicatives;;Moy. annuelle;20.0;20.039289276807917;µg-m3;93.0;98;92.0;R;1;45.92361;6.713611
2019/01/01 00:00:00;2019/12/31 23:59:59;ATMO AUVERGNE-RHÔNE-ALPES;FR84ZAR03;ZAR VALLEE-DE-L-ARVE;FR33232;BOSSONS;Urbaine;PM10;Trafic;2;Oui;mesures fixes;;Moy. annuelle;17.0;17.1139432775602;µg-m3;96.0;100;96.0;R;1;45.907223;6.845833
2019/01/01 00:00:00;2019/12/31 23:59:59;ATMO AUVERGNE-RHÔNE-ALPES;FR84ZRE01;ZR AUVERGNE-RHONE-ALPES;FR33302;St Germain/Rhône;Rurale près des villes;PM10;Fond;3;Oui;mesures indicatives;;Moy. annuelle;12.0;12.478617896158136;µg-m3;94.0;99;93.0;R;1;46.072224;5.820833
2019/01/01 00:00:00;2019/12/31 23:59:59;ATMO AUVERGNE-RHÔNE-ALPES;FR84ZRE01;ZR AUVERGNE-RHONE-ALPES;FR33305;Bourg-en-Bresse;Urbaine;PM10;Fond;5;Oui;mesures fixes;;Moy. annuelle;14.0;13.664447526583416;µg-m3;99.0;100;99.0;R;1;46.211666;5.226389
2019/01/01 00:00:00;2019/12/31 23:59:59;LIG'AIR;FR24ZAG02;ZAG ORLEANS;FR34013;Gambetta;Urbaine;PM10;Trafic;3;Oui;mesures fixes;;Moy. annuelle;19.0;18.74533146591969;µg-m3;98.0;100;98.0;R;1;47.907083;1.901139
2019/01/01 00:00:00;2019/12/31 23:59:59;LIG'AIR;FR24ZRE01;ZR CENTRE-VAL DE LOIRE;FR34018;Montargis;Urbaine;PM10;Fond;3;Oui;mesures fixes;;Moy. annuelle;13.0;12.959264913104782;µg-m3;98.0;99;97.0;R;1;47.997889;2.7195
2019/01/01 00:00:00;2019/12/31 23:59:59;LIG'AIR;FR24ZAG01;ZAG TOURS;FR34025;La Bruyère;Urbaine;PM10;Fond;3;Oui;mesures fixes;;Moy. annuelle;16.0;15.70987317766983;µg-m3;97.0;99;96.0;R;1;47.419083;0.682944
2019/01/01 00:00:00;2019/12/31 23:59:59;LIG'AIR;FR24ZAG01;ZAG TOURS;FR34028;Pompidou;Urbaine;PM10;Trafic;3;Oui;mesures fixes;;Moy. annuelle;17.0;17.29974424552426;µg-m3;98.0;100;98.0;R;1;47.394639;0.704861
2019/01/01 00:00:00;2019/12/31 23:59:59;LIG'AIR;FR24ZAG02;ZAG ORLEANS;FR34029;La_Source-CNRS;Urbaine;PM10;Fond;3;Oui;mesures fixes;;Moy. annuelle;12.0;11.80095105543957;µg-m3;99.0;100;98.0;R;1;47.83775;1.944667
2019/01/01 00:00:00;2019/12/31 23:59:59;LIG'AIR;FR24ZRE01;ZR CENTRE-VAL DE LOIRE;FR34030;Bourges-Baffier;Urbaine;PM10;Trafic;1;Oui;mesures fixes;;Moy. annuelle;15.0;15.110267034990775;µg-m3;99.0;100;99.0;R;1;47.075044;2.407183
2019/01/01 00:00:00;2019/12/31 23:59:59;LIG'AIR;FR24ZRE01;ZR CENTRE-VAL DE LOIRE;FR34032;Leblanc;Urbaine;PM10;Fond;3;Oui;mesures fixes;;Moy. annuelle;14.0;13.896828143021915;µg-m3;99.0;100;99.0;R;1;47.082778;2.405333
2019/01/01 00:00:00;2019/12/31 23:59:59;LIG'AIR;FR24ZAR01;ZAR CHARTRES-DREUX;FR34041;Fulbert;Urbaine;PM10;Fond;1;Oui;mesures fixes;;Moy. annuelle;15.0;14.642273985239846;µg-m3;99.0;100;99.0;R;1;48.444417;1.510139
2019/01/01 00:00:00;2019/12/31 23:59:59;LIG'AIR;FR24ZAR01;ZAR CHARTRES-DREUX;FR34046;Dreux Centre;Urbaine;PM10;Fond;3;Oui;mesures fixes;;Moy. annuelle;12.0;12.124125381544989;µg-m3;98.0;100;97.0;R;1;48.729694;1.358472
2019/01/01 00:00:00;2019/12/31 23:59:59;LIG'AIR;FR24ZAR01;ZAR CHARTRES-DREUX;FR34047;Saint-Remy;Périurbaine;PM10;Trafic;1;Oui;mesures fixes;;Moy. annuelle;18.0;17.967091245947174;µg-m3;99.0;100;99.0;R;1;48.760889;1.233639
2019/01/01 00:00:00;2019/12/31 23:59:59;LIG'AIR;FR24ZRE01;ZR CENTRE-VAL DE LOIRE;FR34051;Chateauroux Sud;Urbaine;PM10;Fond;2;Oui;mesures fixes;;Moy. annuelle;15.0;14.977983899195014;µg-m3;98.0;100;98.0;R;1;46.798278;1.693139
2019/01/01 00:00:00;2019/12/31 23:59:59;LIG'AIR;FR24ZAR02;ZAR BLOIS;FR34061;Blois nord;Urbaine;PM10;Fond;3;Oui;mesures fixes;;Moy. annuelle;14.0;14.19442208165611;µg-m3;99.0;100;99.0;R;1;47.594256;1.302667
2019/01/01 00:00:00;2019/12/31 23:59:59;ATMO NOUVELLE-AQUITAINE;FR75ZRE01;ZR NOUVELLE-AQUITAINE;FR35002;ST JUNIEN - Fontaine;Urbaine;PM10;Fond;A;Oui;mesures fixes;;Moy. annuelle;14.0;13.595559958046858;µg-m3;98.0;100;98.0;R;1;45.89;0.9
2019/01/01 00:00:00;2019/12/31 23:59:59;ATMO NOUVELLE-AQUITAINE;FR75ZAR01;ZAR LIMOGES;FR35003;LIMOGES - Présidial;Urbaine;PM10;Fond;B;Oui;mesures fixes;;Moy. annuelle;5.0;5.000000000000001;µg-m3;65.0;1;0.0;N;-1;45.8311;1.256875
2019/01/01 00:00:00;2019/12/31 23:59:59;ATMO NOUVELLE-AQUITAINE;FR75ZRE01;ZR NOUVELLE-AQUITAINE;FR35004;BRIVE - Dalton;Urbaine;PM10;Fond;A;Oui;mesures fixes;;Moy. annuelle;15.0;14.924567993989502;µg-m3;91.0;100;91.0;R;1;45.158745;1.537222
2019/01/01 00:00:00;2019/12/31 23:59:59;ATMO NOUVELLE-AQUITAINE;FR75ZRE01;ZR NOUVELLE-AQUITAINE;FR35005;GUERET - Nicolas;Urbaine;PM10;Fond;A;Oui;mesures fixes;;Moy. annuelle;12.0;11.883119330898802;µg-m3;97.0;99;97.0;R;1;46.17;1.87
2019/01/01 00:00:00;2019/12/31 23:59:59;ATMO NOUVELLE-AQUITAINE;FR75ZRE01;ZR NOUVELLE-AQUITAINE;FR35006;TULLE - Hugo;Urbaine;PM10;Fond;A;Oui;mesures fixes;;Moy. annuelle;13.0;12.678619609732577;µg-m3;95.0;100;95.0;R;1;45.26;1.76
2019/01/01 00:00:00;2019/12/31 23:59:59;ATMO NOUVELLE-AQUITAINE;FR75ZAR01;ZAR LIMOGES;FR35007;PALAIS S/ V.- Garros;Périurbaine;PM10;Fond;A;Oui;mesures fixes;;Moy. annuelle;11.0;11.372722891566264;µg-m3;95.0;100;95.0;R;1;45.869995;1.31
2019/01/01 00:00:00;2019/12/31 23:59:59;ATMO NOUVELLE-AQUITAINE;FR75ZAR01;ZAR LIMOGES;FR35010;LIMOGES - Aine;Urbaine;PM10;Trafic;E;Oui;mesures fixes;;Moy. annuelle;16.0;16.12702811785289;µg-m3;85.0;100;85.0;R;1;45.829953;1.254846
2019/01/01 00:00:00;2019/12/31 23:59:59;ATMO NOUVELLE-AQUITAINE;FR75ZRE01;ZR NOUVELLE-AQUITAINE;FR35019;SAILLAT - Ipaper;Périurbaine;PM10;Industrielle;A;Oui;mesures fixes;;Moy. annuelle;18.0;18.24229780271159;µg-m3;98.0;100;98.0;R;1;45.87583;0.823889
2019/01/01 00:00:00;2019/12/31 23:59:59;ATMO NOUVELLE-AQUITAINE;FR75ZAR01;ZAR LIMOGES;FR35027;LIMOGES - BERLAND;Urbaine;PM10;Fond;1;Oui;mesures fixes;;Moy. annuelle;13.0;13.209176128861877;µg-m3;92.0;94;86.0;R;1;45.84222;1.25967
2019/01/01 00:00:00;2019/12/31 23:59:59;ATMO AUVERGNE-RHÔNE-ALPES;FR84ZAR02;ZAR VALLEE-DU-RHONE;FR36001;Valence Périurb. Sud;Périurbaine;PM10;Fond;5;Oui;mesures indicatives;;Moy. annuelle;17.0;16.59970529293882;µg-m3;98.0;99;97.0;R;1;44.870243;4.876289
2019/01/01 00:00:00;2019/12/31 23:59:59;ATMO AUVERGNE-RHÔNE-ALPES;FR84ZAR02;ZAR VALLEE-DU-RHONE;FR36002;Valence Urb. Centre;Urbaine;PM10;Fond;7;Oui;mesures fixes;;Moy. annuelle;16.0;16.287084772787633;µg-m3;86.0;100;86.0;R;1;44.933514;4.893481
2019/01/01 00:00:00;2019/12/31 23:59:59;ATMO AUVERGNE-RHÔNE-ALPES;FR84ZAR02;ZAR VALLEE-DU-RHONE;FR36019;Romans-sur-Isère;Urbaine;PM10;Fond;5;Oui;mesures indicatives;;Moy. annuelle;17.0;16.596637897719948;µg-m3;94.0;95;89.0;R;1;45.0425;5.0443
2019/01/01 00:00:00;2019/12/31 23:59:59;ATMO AUVERGNE-RHÔNE-ALPES;FR84ZRE01;ZR AUVERGNE-RHONE-ALPES;FR36021;Drôme Rurale Sud-SND;Rurale nationale;PM10;Fond;6;Oui;mesures fixes;;Moy. annuelle;8.0;8.119184737528162;µg-m3;98.0;98;96.0;R;1;44.569443;5.278972
2019/01/01 00:00:00;2019/12/31 23:59:59;ATMO AUVERGNE-RHÔNE-ALPES;FR84ZAR02;ZAR VALLEE-DU-RHONE;FR36032;A7 Valence Est;Urbaine;PM10;Trafic;6;Oui;mesures fixes;;Moy. annuelle;19.0;18.581945722171145;µg-m3;99.0;100;99.0;R;1;44.9492;4.890133
2019/01/01 00:00:00;2019/12/31 23:59:59;QUALITAIR CORSE;FR94ZAR01;ZAR AJACCIO;FR41001;AJACCIO CANETTO;Urbaine;PM10;Fond;O;Oui;mesures fixes;;Moy. annuelle;17.0;17.082317497103052;µg-m3;99.0;100;99.0;R;1;41.924694;8.735694
2019/01/01 00:00:00;2019/12/31 23:59:59;QUALITAIR CORSE;FR94ZAR02;ZAR BASTIA;FR41002;BASTIA GIRAUD;Urbaine;PM10;Fond;C;Oui;mesures fixes;;Moy. annuelle;18.0;18.147651966626952;µg-m3;96.0;100;96.0;R;1;42.697917;9.446417
2019/01/01 00:00:00;2019/12/31 23:59:59;QUALITAIR CORSE;FR94ZAR01;ZAR AJACCIO;FR41003;AJACCIO PIATANICCIA;Périurbaine;PM10;Industrielle;3;Oui;mesures fixes;;Moy. annuelle;23.0;22.705861501455868;µg-m3;95.0;95;90.0;R;1;41.958028;8.820278
2019/01/01 00:00:00;2019/12/31 23:59:59;QUALITAIR CORSE;FR94ZAR02;ZAR BASTIA;FR41004;BASTIA LA MARANA;Périurbaine;PM10;Industrielle;;Oui;mesures fixes;;Moy. annuelle;19.0;19.070352623172337;µg-m3;93.0;99;93.0;R;1;42.535833;9.475972
2019/01/01 00:00:00;2019/12/31 23:59:59;QUALITAIR CORSE;FR94ZAR02;ZAR BASTIA;FR41020;BASTIA SAINT NICOLAS;Urbaine;PM10;Trafic;3;Oui;mesures fixes;;Moy. annuelle;13.0;13.228571428571431;µg-m3;73.0;1;0.0;N;-1;42.700083;9.451722
2019/01/01 00:00:00;2019/12/31 23:59:59;QUALITAIR CORSE;FR94ZAR01;ZAR AJACCIO;FR41022;AJACCIO DIAMANT;Urbaine;PM10;Trafic;2;Oui;mesures fixes;;Moy. annuelle;15.0;15.327272727272726;µg-m3;46.0;1;0.0;N;-1;41.918306;8.736778
2019/01/01 00:00:00;2019/12/31 23:59:59;QUALITAIR CORSE;FR94ZRE01;ZR CORSE;FR41024;VENACO;Rurale régionale;PM10;Fond;B;Oui;mesures fixes;;Moy. annuelle;9.0;9.15534177820266;µg-m3;96.0;100;96.0;R;1;42.236028;9.190028
2019/01/01 00:00:00;2019/12/31 23:59:59;QUALITAIR CORSE;FR94ZAR01;ZAR AJACCIO;FR41059;AJACCIO ABBATUCCI;Urbaine;PM10;Trafic;1;Oui;mesures fixes;;Moy. annuelle;27.0;26.813484866329055;µg-m3;97.0;100;97.0;R;1;41.92575;8.738278
2019/01/01 00:00:00;2019/12/31 23:59:59;QUALITAIR CORSE;FR94ZAR02;ZAR BASTIA;FR41060;BASTIA FANGO;Urbaine;PM10;Trafic;3;Oui;mesures fixes;;Moy. annuelle;17.0;17.2178175818996;µg-m3;97.0;99;97.0;R;1;42.702833;9.446389
2019/01/01 00:00:00;2019/12/31 23:59:59;ATMO GRAND EST;FR44ZAG01;ZAG STRASBOURG;FR42010;Strasbourg Neudorf Ecoquartier Danube;Urbaine;PM10;Fond;1;Oui;mesures fixes;;Moy. annuelle;20.0;19.946124401913895;µg-m3;95.0;13;12.0;N;-1;48.572808;7.767833
2019/01/01 00:00:00;2019/12/31 23:59:59;ATMO BOURGOGNE-FRANCHE-COMTE;FR27ZAR03;ZAR BESANCON;FR82006;Besancon Prevoyance;Urbaine;PM10;Fond;3;Oui;mesures fixes;;Moy. annuelle;15.0;14.791599353796466;µg-m3;99.0;100;99.0;R;1;47.2474;6.015419
2019/01/01 00:00:00;2019/12/31 23:59:59;ATMO BOURGOGNE-FRANCHE-COMTE;FR27ZAR01;ZAR BELFORT-MONTBELIARD;FR82010;Montbéliard centre;Urbaine;PM10;Fond;4;Oui;mesures fixes;;Moy. annuelle;17.0;16.678218397488138;µg-m3;98.0;100;98.0;R;1;47.510307;6.794
2019/01/01 00:00:00;2019/12/31 23:59:59;ATMO BOURGOGNE-FRANCHE-COMTE;FR27ZAR01;ZAR BELFORT-MONTBELIARD;FR82020;Belfort Octroi;Urbaine;PM10;Trafic;3;Oui;mesures fixes;;Moy. annuelle;15.0;15.162611931619898;µg-m3;98.0;100;98.0;R;1;47.640667;6.859278
2019/01/01 00:00:00;2019/12/31 23:59:59;ATMO BOURGOGNE-FRANCHE-COMTE;FR27ZRE01;ZR BOURGOGNE-FRANCHE-COMTE;FR82030;Montandon Baresans;Rurale nationale;PM10;Fond;1;Oui;mesures fixes;;Moy. annuelle;11.0;11.237795368619997;µg-m3;97.0;100;97.0;R;1;47.29464;6.825861
2019/01/01 00:00:00;2019/12/31 23:59:59;ATMO BOURGOGNE-FRANCHE-COMTE;FR27ZRE01;ZR BOURGOGNE-FRANCHE-COMTE;FR82040;Dole centre;Urbaine;PM10;Fond;2;Oui;mesures fixes;;Moy. annuelle;14.0;14.457209194334855;µg-m3;98.0;100;98.0;R;1;47.09672;5.496389
2019/01/01 00:00:00;2019/12/31 23:59:59;ATMO BOURGOGNE-FRANCHE-COMTE;FR27ZRE01;ZR BOURGOGNE-FRANCHE-COMTE;FR82043;Chatenois;Périurbaine;PM10;Industrielle;3;Oui;mesures fixes;;Moy. annuelle;13.0;12.810946024376056;µg-m3;98.0;100;98.0;R;1;47.14725;5.556117
2019/01/01 00:00:00;2019/12/31 23:59:59;ATMO BOURGOGNE-FRANCHE-COMTE;FR27ZRE01;ZR BOURGOGNE-FRANCHE-COMTE;FR82050;Lons-le-Saunier CV;Urbaine;PM10;Fond;4;Oui;mesures fixes;;Moy. annuelle;13.0;12.753859567542438;µg-m3;98.0;100;98.0;R;1;46.671307;5.556806
2019/01/01 00:00:00;2019/12/31 23:59:59;ATMO BOURGOGNE-FRANCHE-COMTE;FR27ZRE01;ZR BOURGOGNE-FRANCHE-COMTE;FR82060;Vesoul Pres Caillet;Urbaine;PM10;Fond;2;Oui;mesures fixes;;Moy. annuelle;15.0;14.769403680409996;µg-m3;99.0;99;98.0;R;1;47.62;6.157611
2019/01/01 00:00:00;2019/12/31 23:59:59;ATMO BOURGOGNE-FRANCHE-COMTE;FR27ZRE01;ZR BOURGOGNE-FRANCHE-COMTE;FR82070;Baume-les-Dames;Urbaine;PM10;Trafic;1;Oui;mesures fixes;;Moy. annuelle;16.0;16.426412249159053;µg-m3;98.0;100;98.0;R;1;47.351288;6.359722
